,distance_from_home,distance_from_last_transaction,ratio_to_median_purchase_price,repeat_retailer,used_chip,used_pin_number,online_order,fraud
0,57.87785658389723,0.3111400080477545,1.945939977551859,1.0,1.0,0.0,0.0,0.0
1,10.829942699255543,0.1755915022816658,1.294218810619857,1.0,0.0,0.0,0.0,0.0
2,5.091079490616996,0.8051525945853258,0.4277145611942758,1.0,0.0,0.0,1.0,0.0
3,2.2475643282963613,5.60004354707232,0.3626625780570958,1.0,1.0,0.0,1.0,0.0
4,44.19093600261837,0.5664862680583477,2.2227672978404707,1.0,1.0,0.0,1.0,0.0
5,5.586407674186407,13.26107326805812,0.0647684653704633,1.0,0.0,0.0,0.0,0.0
6,3.7240191247148102,0.9568379284821842,0.2784649449081555,1.0,0.0,0.0,1.0,0.0
7,4.8482465722805665,0.3207354272228163,1.2730495235601782,1.0,0.0,1.0,0.0,0.0
8,0.8766322564943629,2.5036089266921437,1.5169993152858177,0.0,0.0,0.0,0.0,0.0
9,8.83904670372637,2.9705122760243827,2.36168254706846,1.0,0.0,0.0,1.0,0.0
10,14.26352973506908,0.1587580860346303,1.1361019405394772,1.0,1.0,0.0,1.0,0.0
11,13.592367567909632,0.240539812984415,1.3703298614332031,1.0,1.0,0.0,1.0,0.0
12,765.2825592612469,0.3715619621963146,0.5512447476281009,1.0,1.0,0.0,0.0,0.0
13,2.131955665990563,56.3724005365082,6.358667321630612,1.0,0.0,0.0,1.0,1.0
14,13.95597236704443,0.2715215283485692,2.798901124938246,1.0,0.0,0.0,1.0,0.0
15,179.6651476857078,0.1209196375575182,0.5356404825310114,1.0,1.0,1.0,1.0,0.0
16,114.51978939161216,0.7070032526577117,0.516989925221995,1.0,0.0,0.0,0.0,0.0
17,3.5896485976213444,6.247457541963805,1.8464505265933648,1.0,0.0,0.0,0.0,0.0
18,11.085152484057602,34.66135141778853,2.530758449146248,1.0,0.0,0.0,1.0,0.0
19,6.194670766326057,1.142014235500891,0.3072166087549278,1.0,0.0,0.0,0.0,0.0
20,78.62324228597946,1.409245200233365,1.8380164275927833,1.0,1.0,0.0,0.0,0.0
21,3.922211960165817,4.822091480482492,0.7037704483696168,1.0,0.0,0.0,0.0,0.0
22,1.6950504410379064,0.0692008762368799,0.1852861707249069,0.0,0.0,0.0,0.0,0.0
23,8.084177482766684,0.1382028064237024,0.3786612352998621,1.0,0.0,1.0,0.0,0.0
24,3.8030573513256023,67.24108052618409,1.872949614304464,1.0,0.0,0.0,1.0,1.0
25,17.043384432449976,0.3282733826369984,0.3472038763553988,1.0,0.0,0.0,1.0,0.0
26,5.482982321943006,3.501975947166019,1.9864672540042143,1.0,0.0,0.0,0.0,0.0
27,53.46555834293632,0.0884066254666023,0.2046127015143529,1.0,0.0,0.0,1.0,0.0
28,3.2160447557707816,17.144735923073647,1.788833243120637,1.0,1.0,0.0,1.0,0.0
29,15.694985541059944,175.98918151972342,0.8556228290724207,1.0,0.0,0.0,1.0,1.0
30,85.83725334092371,1.0351178763066122,0.8682956142370105,1.0,1.0,0.0,1.0,0.0
31,35.26648270795631,0.0851850076419348,0.1741842533827248,1.0,1.0,0.0,1.0,0.0
32,56.59109468035227,0.7183858907011721,0.7368831105145712,1.0,0.0,0.0,1.0,0.0
33,67.59186117206991,1.6129955621122185,0.207043004519453,1.0,1.0,0.0,0.0,0.0
34,4.426862415904887,5.144466643610322,2.323604269260222,1.0,0.0,0.0,1.0,0.0
35,26.711462023719893,1.5520081259491354,4.603600688206188,1.0,1.0,0.0,1.0,1.0
36,10.664473716016785,1.565769086201661,4.886520843107555,1.0,0.0,0.0,1.0,1.0
37,202.7574415997687,0.2750151448723527,0.7755485342012628,1.0,0.0,1.0,1.0,0.0
38,13.0584705141559,0.2560840637316123,1.0012542942736853,1.0,0.0,0.0,0.0,0.0
39,83.19190905345448,0.974245099181972,2.204589077385998,1.0,1.0,0.0,1.0,0.0
40,31.892352665494183,0.1203523607154728,0.3485856336471177,1.0,0.0,0.0,1.0,0.0
41,1.712193487587624,2.35149770752869,0.5341632857845613,0.0,0.0,0.0,1.0,0.0
42,14.12790501001848,5.862020928481165,0.2927730476968923,1.0,1.0,0.0,1.0,0.0
43,2.02076939528288,0.1780195648650336,0.8145079406121545,1.0,1.0,0.0,1.0,0.0
44,6.792999035689522,3.4198048481476446,0.4388242816950051,1.0,0.0,0.0,1.0,0.0
45,15.23536145541202,0.300208724552423,0.4642727680509552,1.0,0.0,0.0,0.0,0.0
46,5.471113979085435,1.0241780871042283,0.0671805015773473,1.0,0.0,0.0,0.0,0.0
47,2.530145018135443,3.6897810904940105,8.297406866219774,1.0,0.0,0.0,1.0,1.0
48,21.12611616077098,0.2719873964398006,6.081770719263626,1.0,0.0,0.0,1.0,1.0
49,42.735855762656925,0.035699495647546,1.8063933297371255,1.0,1.0,0.0,0.0,0.0
50,15.693303060946976,4.177117000371978,0.3313219539992365,1.0,0.0,0.0,1.0,0.0
51,43.28131438308468,3.3677926241961704,0.6760582745829428,1.0,1.0,1.0,1.0,0.0
52,7.847434936666215,0.6712826918709495,1.0705985323463172,1.0,1.0,0.0,1.0,0.0
53,18.22039233506801,6.885983628531424,0.302610408525304,1.0,0.0,0.0,1.0,0.0
54,151.37043724281128,5.340080994904885,1.171566647935164,1.0,0.0,0.0,1.0,1.0
55,24.268906316578597,0.1365210164650239,1.5017878561262346,1.0,1.0,1.0,1.0,0.0
56,2.148084810674618,0.4163982038248041,1.0374280646992489,1.0,1.0,1.0,0.0,0.0
57,7.383905740415544,0.2243517137437448,2.2801468839128525,1.0,0.0,0.0,1.0,0.0
58,10.53806364270547,0.1132482928734494,1.4282393714802817,1.0,0.0,1.0,1.0,0.0
59,36.43323901338162,29.453553764197927,1.9238129477771528,1.0,0.0,0.0,1.0,0.0
60,0.9785372182076616,2.864197823992661,3.2624799171119885,0.0,0.0,0.0,0.0,0.0
61,2.237794131991598,3.368231609215024,2.8791972446487897,1.0,0.0,0.0,1.0,0.0
62,1.3403698212283457,0.2956357231632575,1.1866985237863863,0.0,1.0,1.0,0.0,0.0
63,13.4919401203687,24.824728841659017,10.194358837073416,1.0,0.0,0.0,0.0,0.0
64,12.76621731458803,23.440057355518096,2.7481276779129304,1.0,0.0,0.0,0.0,0.0
65,17.797888237409733,1.3955083978923848,2.880479351502328,1.0,1.0,0.0,0.0,0.0
66,7.296527760363281,1.154785801591263,1.0233106550701525,1.0,0.0,0.0,1.0,0.0
67,39.02122929624737,2.6213584902645035,1.1991615810912342,1.0,1.0,0.0,1.0,0.0
68,6.841207405496939,0.2224398489959736,0.8355508377397158,1.0,0.0,0.0,1.0,0.0
69,58.97661093654849,9.002463447513398,0.3301413620228717,1.0,0.0,0.0,1.0,0.0
70,57.42422511211681,1.913080706013314,0.4129492816630996,1.0,0.0,0.0,1.0,0.0
71,3.92657788911382,3.939249377414808,0.1603788911215032,1.0,0.0,0.0,0.0,0.0
72,7.553377221179446,0.0432661375666219,1.2657414458068843,1.0,1.0,0.0,1.0,0.0
73,64.41457680200594,2.3588374022034193,0.7909427727860873,1.0,0.0,0.0,1.0,0.0
74,50.62877340606242,19.42710037378233,3.009400600727188,1.0,0.0,0.0,1.0,0.0
75,91.4346510495876,0.0413622207772471,0.1863672779828352,1.0,0.0,1.0,1.0,0.0
76,55.46476761849137,7.312226305709347,1.3519610521146603,1.0,0.0,0.0,1.0,0.0
77,2.6420106476803964,0.8556879212814695,0.7048097790620129,1.0,1.0,0.0,1.0,0.0
78,22.84200227538643,2.4908062476799864,0.1353329326517288,1.0,1.0,0.0,1.0,0.0
79,48.765785644568865,1.1817969876974526,1.1945166410152066,1.0,1.0,0.0,1.0,0.0
80,14.596934826504564,0.1200353271273689,0.2147517764987067,1.0,0.0,1.0,0.0,0.0
81,15.61301918112772,0.9951508390439204,0.9448706797071604,1.0,1.0,0.0,1.0,0.0
82,8.868768948330628,0.0942049113864502,0.2939335875262699,1.0,0.0,0.0,0.0,0.0
83,3.2313647628869178,0.3972852820667029,2.095418742983735,1.0,0.0,0.0,1.0,0.0
84,17.75676255924691,2.89589857359414,0.6626692813056486,1.0,0.0,0.0,0.0,0.0
85,3.117338549209953,1.3473765147131949,1.4955903443613956,1.0,0.0,0.0,1.0,0.0
86,2.867988382366927,0.3177953235540808,2.2176799845747084,1.0,0.0,0.0,0.0,0.0
87,5.168708300909464,0.7001863987835331,0.7461276443231781,1.0,0.0,0.0,1.0,0.0
88,2.9616688328444827,0.8363988045255885,2.3550774706688213,1.0,0.0,0.0,0.0,0.0
89,19.303716219228725,0.6641080661924228,0.6737272441944606,1.0,0.0,0.0,1.0,0.0
90,1.16435282387936,0.484344963003985,1.013047137343178,0.0,0.0,0.0,1.0,0.0
91,12.712406073361551,0.5235817638414557,0.6534778515805675,1.0,1.0,0.0,1.0,0.0
92,129.94819601726903,15.701032908959052,1.5232807033155813,1.0,0.0,1.0,1.0,0.0
93,5.679132270055996,0.0895316307330594,0.6664960828672334,1.0,0.0,0.0,1.0,0.0
94,10.793846701750772,0.3063734034738903,1.9173870404044324,1.0,0.0,0.0,0.0,0.0
95,11.411762836142476,2.233248098230415,1.7617248473706295,1.0,1.0,0.0,1.0,0.0
96,2.987853653625281,9.315192456731053,1.9210455751598257,1.0,0.0,0.0,1.0,0.0
97,0.5309853690962157,1.5015749525111943,4.421388186525495,0.0,1.0,0.0,0.0,0.0
98,6.136180828579772,2.5795743495658146,1.4940869025947998,1.0,1.0,1.0,1.0,0.0
99,1.532551088402701,3.0971594880882045,0.397260474825972,0.0,1.0,0.0,0.0,0.0
100,21.37741931648692,0.4083239471789594,0.1908229420189754,1.0,1.0,0.0,1.0,0.0
101,9.59840134057398,0.4545563461632137,6.084828700634962,1.0,0.0,0.0,1.0,1.0
102,1.8217007092796456,0.6335440492580454,3.130279023483851,0.0,0.0,0.0,1.0,0.0
103,6.701852475884954,0.2600879664609424,3.7963293175770314,1.0,0.0,0.0,1.0,0.0
104,22.545587575167417,0.3539392546618495,4.0954422060767035,1.0,0.0,0.0,1.0,1.0
105,36.259333262273394,0.0339231086981945,0.743043443853572,1.0,0.0,0.0,1.0,0.0
106,56.550172860020545,0.2310745914578895,5.941664564353476,1.0,1.0,0.0,0.0,0.0
107,6.665165569871717,1.603089526251346,1.9579122665030164,1.0,0.0,0.0,1.0,0.0
108,6.808800330404797,2.8053765476385544,1.6388232989490152,1.0,0.0,0.0,0.0,0.0
109,36.59554185585082,1.3336652835533185,0.2495091460688046,1.0,1.0,0.0,0.0,0.0
110,1.0355867731861117,0.291383330616825,0.4681226802237083,0.0,0.0,0.0,1.0,0.0
111,11.501575521519866,1.2556352599084506,1.3956666585306363,1.0,0.0,0.0,1.0,0.0
112,335.1893199927121,1.1141676662234867,0.0982428061882022,1.0,0.0,0.0,1.0,1.0
113,43.32644363556807,0.2052546161410341,4.250634052124063,1.0,0.0,0.0,1.0,1.0
114,1.1158806875176952,0.1702369279899755,4.127313378541158,0.0,0.0,0.0,0.0,1.0
115,2.7527670071917023,11.342319584279718,0.6643287081033971,1.0,0.0,0.0,0.0,0.0
116,5.661214036946767,0.597677517294938,0.5841163280729911,1.0,0.0,0.0,1.0,0.0
117,3.6861977179404497,0.9101560222487316,0.3286113528440366,1.0,0.0,1.0,0.0,0.0
118,6.73828899555201,0.5638174433225772,1.803965207104539,1.0,0.0,0.0,1.0,0.0
119,2.0641813981617174,0.5405324528665135,0.0955537420815342,1.0,0.0,0.0,1.0,0.0
120,23.168859063694295,1.5651112882475249,1.5671990564695866,1.0,1.0,0.0,0.0,0.0
121,34.357546821775465,0.2147583757678949,1.0242554729942046,1.0,1.0,0.0,1.0,0.0
122,9.683342426526249,0.0958507695888541,2.145045776735472,1.0,0.0,0.0,1.0,0.0
123,1.2495550299819964,1.9544535447975664,1.9938796907580247,0.0,1.0,0.0,1.0,0.0
124,40.64535578906872,5.1540126341838,0.2429960145528902,1.0,1.0,0.0,0.0,0.0
125,69.48260118984975,0.2368307817127536,1.4695552793660185,1.0,1.0,0.0,1.0,0.0
126,182.8617806125866,4.607446940796279,0.7745454177477062,1.0,0.0,0.0,0.0,0.0
127,3.2287645951183475,0.8024239783764274,2.53728284133329,1.0,0.0,0.0,1.0,0.0
128,49.725227375525904,0.1915388784389572,1.5371859443493818,1.0,0.0,0.0,0.0,0.0
129,34.392892581651964,0.0334896395218792,0.2927446316025824,1.0,0.0,0.0,1.0,0.0
130,5.154328337405886,0.0115028395396811,1.317723795660091,1.0,1.0,0.0,1.0,0.0
131,1.0651030675644535,3.233769351911159,1.8764465181393344,0.0,0.0,0.0,0.0,0.0
132,47.313946247141054,6.192771365896437,0.6235502432529512,1.0,1.0,0.0,0.0,0.0
133,59.54879608129269,0.0397277783358273,0.0860030149749835,1.0,0.0,0.0,0.0,0.0
134,15.71682605846159,0.1059374752374416,0.9974451917416198,1.0,0.0,0.0,1.0,0.0
135,3.2334218862006705,0.2821751529495738,1.796648252038254,1.0,0.0,0.0,1.0,0.0
136,5.7938900041198025,2.7585110127992674,5.085685575610163,1.0,0.0,0.0,1.0,1.0
137,5.407948147852012,0.1650384057961251,2.392868843142355,1.0,0.0,0.0,0.0,0.0
138,5.169928151047387,0.5340603473673147,1.3488659963734704,1.0,1.0,1.0,1.0,0.0
139,14.745596550464564,0.3719498378464633,1.8850954642323496,1.0,0.0,0.0,1.0,0.0
140,0.2792390008700541,0.5337450061387218,1.515041094578828,0.0,0.0,0.0,1.0,0.0
141,22.64196198333612,0.0156251551030775,4.322207383685136,1.0,0.0,0.0,1.0,1.0
142,17.923879680428534,0.4616178563916719,0.2004927187005976,1.0,1.0,0.0,1.0,0.0
143,2.6606491192259845,0.6571620482044161,3.837859967860568,1.0,0.0,0.0,1.0,0.0
144,15.565700177635456,2.312278045811284,1.82402158506383,1.0,1.0,0.0,1.0,0.0
145,0.4702221183765718,2.199012831533902,0.3988931907635304,0.0,0.0,0.0,1.0,0.0
146,13.516070851706314,2.17877436539644,1.361951192253133,1.0,0.0,0.0,1.0,0.0
147,45.81517120084865,0.2274939766604979,0.7136080222791743,1.0,0.0,0.0,1.0,0.0
148,40.44223580038671,0.1871313017418883,1.9220246170930153,1.0,1.0,0.0,1.0,0.0
149,23.149755011200977,0.518713190397087,1.0585948680962731,1.0,0.0,0.0,1.0,0.0
150,97.59869963805797,1.229758521676822,0.0888947160027719,1.0,0.0,0.0,0.0,0.0
151,31.09332842362626,0.1185570842130443,0.8905722375887402,1.0,0.0,0.0,1.0,0.0
152,29.16190010709743,1.752120802942196,0.6879673688131865,1.0,0.0,0.0,1.0,0.0
153,8.826660758862396,0.610421409928841,3.998766986503962,1.0,1.0,0.0,1.0,0.0
154,20.63645258462792,0.2693514363619173,1.140022568276888,1.0,0.0,0.0,0.0,0.0
155,3.357480767025453,990.0703152204384,3.157889903466594,1.0,0.0,0.0,0.0,0.0
156,88.15891899379177,0.6552597799376982,5.433499527157334,1.0,0.0,0.0,1.0,1.0
157,13.055737908862952,5.6321846905266755,1.7786906907549227,1.0,0.0,0.0,1.0,0.0
158,15.01904264488258,0.0238643075434555,0.503276157986172,1.0,0.0,0.0,0.0,0.0
159,1.3795527755550008,0.0564859884060373,4.871942856500879,0.0,0.0,0.0,0.0,1.0
160,12.88841173022372,0.551309047839657,0.3860377235996058,1.0,0.0,1.0,1.0,0.0
161,9.256743661850084,6.367836480326779,0.1086918646896518,1.0,1.0,0.0,1.0,0.0
162,45.78484032280978,0.1128164442500652,1.8105690769401297,1.0,0.0,0.0,0.0,0.0
163,58.7379027103199,19.731902039688705,0.0540649690428943,1.0,0.0,0.0,1.0,0.0
164,9.890449996813354,6.491197580734859,1.787365557273766,1.0,0.0,0.0,1.0,0.0
165,23.64084831698087,0.0726744769924955,0.2196999769292625,1.0,0.0,0.0,1.0,0.0
166,25.889255316437097,0.6641640092563497,0.1595166420146096,1.0,1.0,0.0,0.0,0.0
167,0.9751498696294676,0.0304344709598556,0.3515491063256714,0.0,0.0,0.0,1.0,0.0
168,3.448570108626739,0.3861739488221042,0.9356903615697244,1.0,0.0,0.0,0.0,0.0
169,21.28517633669824,0.1356336032574952,0.5836769808081782,1.0,1.0,0.0,1.0,0.0
170,20.305667639433818,0.147978414381481,1.030639511215577,1.0,1.0,0.0,1.0,0.0
171,6.119067523394739,0.677713446096705,1.6370117202483363,1.0,0.0,0.0,1.0,0.0
172,5.867706832595881,3.5060059414047156,0.6423375619070926,1.0,1.0,1.0,1.0,0.0
173,3.273425743659927,1.0569479133082866,1.6942812090883066,1.0,0.0,0.0,1.0,0.0
174,84.69070586279966,0.9602408322083136,2.738579525316071,1.0,0.0,0.0,1.0,0.0
175,2.5088553990832914,0.2666659401935861,2.9316526810823893,1.0,0.0,0.0,1.0,0.0
176,3.657784023955523,0.0860089374318124,0.5659876654808181,1.0,0.0,0.0,0.0,0.0
177,51.51823660975869,0.8551411530700157,3.796220559509402,1.0,0.0,1.0,0.0,0.0
178,26.83582371001936,1.2491960795272778,1.9975050227966855,1.0,0.0,0.0,1.0,0.0
179,1.28142329110063,1.8530148229495769,1.924057623114976,0.0,0.0,0.0,1.0,0.0
180,44.36817791873928,0.4711965236351955,0.7021888532354046,1.0,0.0,0.0,1.0,0.0
181,4.422142802049489,0.4029902572361696,2.096687257379685,1.0,0.0,0.0,0.0,0.0
182,0.3756829554970323,3.4275908514829596,2.483700563372998,0.0,1.0,0.0,0.0,0.0
183,23.93855032335293,1.6025022423049091,0.4039882578529757,1.0,1.0,0.0,0.0,0.0
184,13.716753248572005,4.38791947869821,0.4543092260655615,1.0,1.0,0.0,1.0,0.0
185,22.866665165918587,0.5643827939440674,3.760495719123275,1.0,0.0,0.0,1.0,0.0
186,9.562434147279536,21.382482374814273,0.5703192817885901,1.0,1.0,0.0,1.0,0.0
187,20.141476291885343,116.56247654457644,1.1729994639657837,1.0,0.0,0.0,1.0,1.0
188,4.159180999339164,0.6459010932268828,0.5687525021191133,1.0,1.0,0.0,0.0,0.0
189,7.7414908040384836,1.572492493766052,0.6217667280174148,1.0,0.0,0.0,1.0,0.0
190,15.098192010168956,0.3964948473474459,1.0017975520746136,1.0,0.0,0.0,1.0,0.0
191,10.399690599986046,0.4605122755537914,0.7435762627716558,1.0,0.0,0.0,1.0,0.0
192,5.148886061652787,0.7021097403827067,2.213030469076698,1.0,1.0,0.0,1.0,0.0
193,1.200795914339993,2.6545496119928385,0.0566684937506393,0.0,0.0,0.0,0.0,0.0
194,3.436953216718473,2.6770719033817665,0.5592237611094564,1.0,1.0,0.0,0.0,0.0
195,45.03173586828688,0.0550769662924378,1.3120674262975611,1.0,0.0,0.0,1.0,0.0
196,242.91318744983627,4.424775815687693,0.7414282588641178,1.0,0.0,0.0,0.0,0.0
197,4.586563849156941,3.3650702031013924,2.454287776616136,1.0,0.0,0.0,0.0,0.0
198,19.153041711722416,0.4035327407127892,1.1115630229969955,1.0,0.0,1.0,1.0,0.0
199,0.7180054102371294,10.054519850182633,1.341926903981394,0.0,1.0,0.0,0.0,0.0
200,9.520682342311844,0.8655891212915905,2.8941114501922978,1.0,1.0,0.0,1.0,0.0
201,32.374115075996876,3.2188838723141,2.392095936421786,1.0,0.0,0.0,0.0,0.0
202,0.4375144015550969,23.68062609965637,0.355723165407903,0.0,0.0,0.0,1.0,0.0
203,1.7503784820583512,0.0848987952541176,0.2646573795937004,0.0,0.0,0.0,1.0,0.0
204,11.187420221798869,7.290403745195848,0.6887829235704009,1.0,0.0,1.0,1.0,0.0
205,63.74208997786349,18.272897438869137,0.5810078179634958,1.0,0.0,0.0,1.0,0.0
206,3.250048760821191,1.261072785064881,0.5081393333474191,1.0,1.0,0.0,0.0,0.0
207,11.542040444699037,0.8048523083378752,0.157328153081313,1.0,0.0,0.0,1.0,0.0
208,42.222096007049565,0.5579807175850403,2.1315822802146807,1.0,0.0,0.0,1.0,0.0
209,1.3995604221876954,2.5709701430560576,3.3937860665318835,0.0,0.0,0.0,0.0,0.0
210,13.167290329322626,6.01104602059799,0.8094968881947703,1.0,1.0,0.0,1.0,0.0
211,12.245640330726422,0.2265011197568998,0.9936801654131736,1.0,0.0,0.0,1.0,0.0
212,111.28520610936934,0.3790316875990881,1.8584721733251552,1.0,0.0,0.0,1.0,1.0
213,17.036648837830096,1.4762793645171113,0.8702562086479358,1.0,0.0,0.0,1.0,0.0
214,1.018135225729515,0.7082603751781418,0.9088981140866595,0.0,1.0,0.0,1.0,0.0
215,11.151462253519718,0.6103628474674294,1.374947355549462,1.0,0.0,0.0,1.0,0.0
216,45.24814645753786,0.2101068798284285,0.9182586306840668,1.0,0.0,0.0,0.0,0.0
217,5.376921586181484,0.2103563708677496,0.808983053057841,1.0,1.0,0.0,0.0,0.0
218,34.41390100453567,25.29759752778163,14.697713119893285,1.0,0.0,0.0,1.0,1.0
219,14.831331221991892,0.2555100214261181,0.3894169286762073,1.0,1.0,0.0,1.0,0.0
220,248.0640491587091,0.1715963308260967,1.42436925024607,1.0,0.0,0.0,1.0,1.0
221,5.767567057108512,2.3836736506021334,0.3344863994402896,1.0,1.0,0.0,1.0,0.0
222,25.0762817130677,43.304460720572926,0.3256308367929246,1.0,0.0,0.0,1.0,0.0
223,6.082385127171143,3.8715829086400304,2.0257961231327855,1.0,0.0,1.0,0.0,0.0
224,3.3117382727440763,0.1420768535127304,2.198426993408049,1.0,0.0,0.0,0.0,0.0
225,30.548179319272897,1.362458795854158,5.674145912777837,1.0,0.0,1.0,1.0,0.0
226,15.649440253171388,4.26259893148035,2.490477042731454,1.0,0.0,0.0,0.0,0.0
227,32.281748775550156,1.1921210941746032,0.394434318089882,1.0,1.0,0.0,1.0,0.0
228,8.154231197319094,0.137577032674175,0.7120677717286603,1.0,0.0,0.0,1.0,0.0
229,7.3354844398713315,0.3448675931869471,15.511619585551465,1.0,0.0,0.0,1.0,1.0
230,13.384351092273134,5.002755316673199,0.9884710219406666,1.0,0.0,0.0,0.0,0.0
231,73.46682948160334,1.7104679244167786,0.0597409542058283,1.0,0.0,0.0,0.0,0.0
232,11.3409775042472,11.879103853209797,0.9405435628666676,1.0,0.0,0.0,0.0,0.0
233,24.465175757511332,9.698102262250352,0.6512644371602117,1.0,0.0,0.0,1.0,0.0
234,9.311299583767031,0.0900261580721532,0.7049873006986794,1.0,0.0,0.0,1.0,0.0
235,62.60717342231195,4.135260042116445,6.990106344461613,1.0,0.0,0.0,0.0,0.0
236,15.840213285746508,0.4947047921200062,0.1260897002354525,1.0,1.0,0.0,1.0,0.0
237,1.5369209800836467,8.049938810132392,13.334843665405913,0.0,0.0,0.0,0.0,1.0
238,12.011082953567046,0.3141334246052936,0.798424737030367,1.0,0.0,1.0,1.0,0.0
239,28.0100758388116,4.8306575898270845,1.2142719385929517,1.0,0.0,0.0,1.0,0.0
240,17.341511935650434,1.0304541912552587,2.370736049303055,1.0,0.0,0.0,0.0,0.0
241,2.602379668027055,3.809359821761661,9.23103865009918,1.0,1.0,0.0,0.0,0.0
242,1.5745254225957896,10.27062474096506,0.0678681448948048,0.0,0.0,0.0,1.0,0.0
243,92.00940533073997,2.252856296817942,1.8643223812385616,1.0,0.0,0.0,1.0,0.0
244,10.78074810225882,0.2248767481461609,1.3587823615415484,1.0,0.0,0.0,1.0,0.0
245,8.120673802604149,0.9333585037986628,1.1640809372566814,1.0,1.0,0.0,1.0,0.0
246,27.86854438559257,0.3468273842313594,1.1860332216135832,1.0,1.0,0.0,1.0,0.0
247,0.9485229238212614,23.404094894238796,0.9049802402049282,0.0,0.0,0.0,1.0,0.0
248,5.146676506658871,0.0218878445910325,0.4948976611214781,1.0,1.0,1.0,1.0,0.0
249,3.501877978151203,3.1755961535615724,1.3633141010850138,1.0,0.0,1.0,0.0,0.0
250,10.353495002248115,0.1045197670991398,0.6869418006462501,1.0,0.0,0.0,1.0,0.0
251,18.050860979152898,4.319051377235092,0.4530592428551214,1.0,0.0,0.0,1.0,0.0
252,112.2738758947181,1.1932574941975396,1.9891514965982744,1.0,1.0,0.0,1.0,0.0
253,0.1140563077765543,4.142286128653308,0.4918800293611361,0.0,0.0,0.0,0.0,0.0
254,6.649470226147477,0.8013490676586995,1.467927952885294,1.0,0.0,0.0,0.0,0.0
255,23.901037844927675,1.4401853648573244,3.252790936599399,1.0,0.0,0.0,1.0,0.0
256,83.72351865170047,0.0531547698845511,2.926469874532212,1.0,0.0,0.0,1.0,0.0
257,5.211159233228633,23.262426196483982,0.2277900709006052,1.0,0.0,1.0,0.0,0.0
258,71.4505688377497,0.7576310175317804,0.5843739172159808,1.0,0.0,0.0,0.0,0.0
259,4.057044416113516,2.142441467365621,0.3680000579792843,1.0,0.0,0.0,1.0,0.0
260,7.888322856357224,0.5130490425957464,5.337625815459592,1.0,0.0,0.0,1.0,1.0
261,601.5229191365606,0.0287232060087352,0.8597786295284634,1.0,0.0,0.0,1.0,1.0
262,5.609998089130593,0.1375131862187362,0.7612338492848543,1.0,0.0,0.0,1.0,0.0
263,18.21889116945445,20.033316658108575,0.4357715162301507,1.0,1.0,0.0,1.0,0.0
264,8.0473017911002,4.16876441661883,0.2502091662877895,1.0,1.0,0.0,0.0,0.0
265,37.09366042581375,10.231150752374784,5.776353953919113,1.0,0.0,0.0,1.0,1.0
266,5.33601317760349,0.1428287458335137,9.359382534273646,1.0,1.0,0.0,0.0,0.0
267,63.58299864105625,0.3355575820265634,0.8983477764358463,1.0,0.0,0.0,1.0,0.0
268,5.764412015004839,0.624542382351953,8.56593477975357,1.0,1.0,0.0,1.0,1.0
269,7.230067263034045,4.029308624131385,5.746112420698082,1.0,1.0,0.0,1.0,1.0
270,8.958840996502083,0.4258756364635115,1.0050789362980668,1.0,0.0,0.0,0.0,0.0
271,2.763951594188863,0.390094288142046,0.6151757056209249,1.0,0.0,1.0,1.0,0.0
272,1.6260244076751902,0.2455087165504495,1.3353010248341248,0.0,0.0,0.0,1.0,0.0
273,7.072288684344729,0.6390526419979777,0.1800994500050547,1.0,1.0,0.0,1.0,0.0
274,27.363205243211397,1.510587227178259,0.0225160546160436,1.0,0.0,0.0,1.0,0.0
275,112.08715586311428,0.2980125709938463,2.339287241235982,1.0,0.0,0.0,1.0,1.0
276,13.289001530415335,1.19308651983017,0.5820122340728612,1.0,0.0,0.0,1.0,0.0
277,16.661349246372872,2.784198854624697,1.1415156833953473,1.0,1.0,1.0,1.0,0.0
278,1.2108737376337213,4.934786453067123,0.2922944476831284,0.0,0.0,0.0,0.0,0.0
279,2.90372788464036,0.0114936893502114,0.1564740056128372,1.0,0.0,0.0,0.0,0.0
280,1.818318848037209,9.376789375630883,1.2398076270956329,0.0,0.0,0.0,1.0,0.0
281,11.92402578293971,0.489777042999219,1.5305532010416611,1.0,0.0,0.0,1.0,0.0
282,2.7643927876578585,0.0031991638694411,1.3000723626355328,1.0,1.0,0.0,1.0,0.0
283,2.739623489079625,5.141774067425666,0.6172804939734674,1.0,1.0,1.0,1.0,0.0
284,26.756466053257903,1.4901173212455368,2.404669967220235,1.0,0.0,1.0,1.0,0.0
285,28.181007424974368,0.188856421641479,0.7810271973346895,1.0,1.0,0.0,1.0,0.0
286,10.991201271349372,50.86759173292829,0.3146428906960262,1.0,1.0,0.0,0.0,0.0
287,37.668193478716496,0.0945213669760086,0.537935608985979,1.0,1.0,0.0,1.0,0.0
288,70.2081977341558,0.7804616800549318,1.1605968262353363,1.0,1.0,0.0,1.0,0.0
289,170.24705804991328,0.4191106592020203,0.153334337580427,1.0,0.0,0.0,1.0,1.0
290,8.386406174854491,1.8157676022033131,6.2003263008552745,1.0,0.0,0.0,0.0,0.0
291,0.9323514181419006,0.0713024922531146,0.3033993919247943,0.0,0.0,0.0,0.0,0.0
292,24.33748770584292,1.3986182664381062,6.230792396550816,1.0,1.0,0.0,1.0,1.0
293,19.301012611427623,1.4873433125491924,1.5921038494689397,1.0,0.0,0.0,1.0,0.0
294,36.55689878976508,0.3690114307559035,1.2963164925812551,1.0,0.0,0.0,0.0,0.0
295,1.832542598673618,0.9784309558128454,1.4283655233535069,0.0,0.0,0.0,1.0,0.0
296,3.4279544412179694,0.0755861640330213,0.6836548066483253,1.0,0.0,0.0,1.0,0.0
297,4.901563644740287,3.7726764081543567,0.5778464388653306,1.0,1.0,0.0,0.0,0.0
298,33.003260934807656,1.5025980471427207,0.6169652368487685,1.0,1.0,0.0,0.0,0.0
299,39.2359718379168,0.8422490623950533,1.077600857835671,1.0,0.0,0.0,0.0,0.0
300,5.009789180333597,0.4309555638937691,0.9024322237161764,1.0,0.0,0.0,1.0,0.0
301,36.72505735354346,0.1299947927884691,1.1807455113232814,1.0,1.0,0.0,0.0,0.0
302,2.1628432785886056,2.13139729985865,0.4927185942695768,1.0,0.0,0.0,1.0,0.0
303,22.40957870729727,1.393890911906087,0.4946852117983596,1.0,0.0,0.0,1.0,0.0
304,2.2597339117056596,0.7014426886554682,1.882026889510123,1.0,0.0,0.0,1.0,0.0
305,38.33596661142949,0.2070414979969801,2.1313661554888697,1.0,1.0,0.0,1.0,0.0
306,0.3253651600650452,0.7096053301595245,1.7204835946181836,0.0,0.0,0.0,1.0,0.0
307,7.067664114885494,0.3835101067809949,0.4661444419267831,1.0,0.0,0.0,1.0,0.0
308,13.251817977495165,0.0624691002603134,0.6825593475387115,1.0,0.0,0.0,1.0,0.0
309,8.745706819441256,2.6192247510340145,0.915243001978062,1.0,0.0,0.0,1.0,0.0
310,10.340320865224312,0.9190571293648844,1.3579513217579664,1.0,0.0,0.0,1.0,0.0
311,3.2244053870876765,2.635070443684812,2.0599725824314654,1.0,0.0,0.0,0.0,0.0
312,8.442518960072391,0.2476545122962671,0.9624105164876232,1.0,1.0,0.0,1.0,0.0
313,2.253822403818317,0.841076132180463,0.4203085750436124,1.0,0.0,1.0,0.0,0.0
314,8.978287675462688,0.2520366422233941,2.4341222260214184,1.0,1.0,0.0,1.0,0.0
315,12.440019223955913,8.726477453407798,2.738452128929754,1.0,1.0,0.0,1.0,0.0
316,14.685703431801716,3.392571849105932,1.0829890456778486,1.0,1.0,0.0,1.0,0.0
317,5.574470492763786,0.7823675083394321,0.5669619809921126,1.0,0.0,1.0,0.0,0.0
318,31.68643151033428,1.1325742410569806,0.2924101742275455,1.0,0.0,0.0,1.0,0.0
319,8.8875296715892,0.7043669599602077,1.9866205571543512,1.0,1.0,0.0,1.0,0.0
320,3.4966156903777694,2.1592262073565136,3.8315757740172063,1.0,0.0,0.0,1.0,0.0
321,5.85345873657127,7.987840278522438,0.459242114665424,1.0,0.0,0.0,0.0,0.0
322,8.195384343950435,0.4123818233519828,2.254856082525871,1.0,1.0,0.0,1.0,0.0
323,17.247414867112347,0.2167167539623851,1.6332511842666062,1.0,0.0,0.0,0.0,0.0
324,1.457156212321705,16.597003039729977,1.424996629137965,0.0,0.0,1.0,1.0,0.0
325,9.56916158916521,0.8657619097808555,0.8916352874545801,1.0,0.0,0.0,1.0,0.0
326,3.234605080287654,6.155422663590881,0.3621827284291339,1.0,0.0,0.0,1.0,0.0
327,5.5769754797410185,0.16307786701332,1.7164492548021673,1.0,1.0,0.0,1.0,0.0
328,3.3402732811097624,8.4291408526643,3.1806215576116905,1.0,0.0,0.0,0.0,0.0
329,40.35160129195774,0.2786028799210523,0.9478428895846116,1.0,0.0,0.0,1.0,0.0
330,1.5236590602967115,0.4847685177847564,1.7448730482285708,0.0,0.0,1.0,1.0,0.0
331,99.90976008350972,0.3505264487796648,0.4692040524193405,1.0,0.0,0.0,1.0,0.0
332,21.144284425321334,5.225097894093746,1.068578662047904,1.0,0.0,0.0,1.0,0.0
333,12.036924704375089,0.1343049347307039,1.2274046073461695,1.0,0.0,0.0,1.0,0.0
334,19.176219793334575,0.2583953249359689,0.3252433318059431,1.0,0.0,1.0,1.0,0.0
335,2.5907858913551585,10.16549721195348,3.1054535662667937,1.0,0.0,1.0,1.0,0.0
336,2.9056521370990778,0.2079543780702132,0.4758630717919127,1.0,0.0,0.0,1.0,0.0
337,16.910479956990716,33.6219776452818,1.5439062690694958,1.0,0.0,0.0,0.0,0.0
338,12.750894983835098,0.8576140872936847,17.70614527869426,1.0,1.0,0.0,1.0,1.0
339,13.113595913622362,0.3889088942634553,4.4091602261932135,1.0,0.0,0.0,1.0,1.0
340,11.36325113166274,0.476903078495298,1.3848011751408862,1.0,0.0,0.0,0.0,0.0
341,9.843054818704422,11.723434386879685,1.948777068764417,1.0,0.0,0.0,1.0,0.0
342,8.167520581642606,3.289483550056162,0.2094138262494691,1.0,1.0,0.0,0.0,0.0
343,5.08667936928505,0.3938375828632491,1.0429409916985082,1.0,1.0,1.0,1.0,0.0
344,13.370496796470448,5.0271394903683415,1.704772550422751,1.0,0.0,0.0,1.0,0.0
345,10.225437689172166,0.486101803075235,0.4829095783519226,1.0,0.0,0.0,1.0,0.0
346,7.288792825950236,0.0066080917209256,3.061352607279982,1.0,0.0,0.0,0.0,0.0
347,2.4053207297783277,0.0458827522179247,1.763793504168431,1.0,1.0,0.0,0.0,0.0
348,0.8366689413704851,1.7013930091581235,0.4954344455255998,0.0,0.0,0.0,1.0,0.0
349,22.30280235160341,0.1654049926277818,0.4603201045798284,1.0,0.0,1.0,1.0,0.0
350,0.4756040273951585,0.2082016483144637,1.809656362043081,0.0,0.0,1.0,1.0,0.0
351,15.684495350654943,0.0449432668682057,1.4009331231814657,1.0,0.0,0.0,1.0,0.0
352,12.131853139032753,1.0749139887183656,0.4105818468994724,1.0,1.0,0.0,0.0,0.0
353,30.789693358261623,0.0739893711845476,1.354420631078717,1.0,0.0,1.0,1.0,0.0
354,39.65569059941153,1.169157775435035,1.166138538077512,1.0,0.0,0.0,1.0,0.0
355,5.1112902912174984,0.0393688384087181,0.647981000692847,1.0,0.0,0.0,1.0,0.0
356,17.60088094270051,0.607649857441104,0.8397631165130982,1.0,0.0,0.0,1.0,0.0
357,12.51140362337056,1.2421064402312203,0.2622197589327515,1.0,0.0,1.0,1.0,0.0
358,13.185775631324278,0.7009286893512955,0.2162551554203595,1.0,1.0,0.0,0.0,0.0
359,55.42083231241934,0.6275177810154596,0.900720390588616,1.0,0.0,0.0,1.0,0.0
360,18.633119274061055,6.776478999623287,2.542593961420608,1.0,1.0,0.0,1.0,0.0
361,2.5850152271993423,0.2646189327289919,0.4469765868871475,1.0,0.0,0.0,1.0,0.0
362,13.728051076984418,2.5610657102044385,0.1881851176031588,1.0,0.0,0.0,1.0,0.0
363,23.259296791757976,0.1457605586385906,0.7856980401977863,1.0,1.0,0.0,1.0,0.0
364,2.690045969130729,2.902193364566505,0.4018381216528302,1.0,0.0,0.0,1.0,0.0
365,109.52834763257944,0.8046334119795143,2.4698295072912324,1.0,1.0,0.0,0.0,0.0
366,3.0453727443875116,0.0912522048400284,0.1463990060041959,1.0,0.0,0.0,1.0,0.0
367,5.2831497527603695,10.12880600662564,3.3647789794444836,1.0,0.0,0.0,1.0,0.0
368,32.75616640126915,0.8666985069978922,0.7156402741121066,1.0,0.0,0.0,1.0,0.0
369,2.1218110053825026,0.0257444903666885,2.0193845130490455,1.0,1.0,0.0,1.0,0.0
370,11.62741592273163,21.894185484194495,1.3545707988211382,1.0,0.0,0.0,1.0,0.0
371,1.60641080474273,0.8600339931254525,0.0664428421064714,0.0,1.0,0.0,1.0,0.0
372,8.319802056140174,2.9465937008993515,0.0699851154650105,1.0,1.0,0.0,1.0,0.0
373,27.881799767056915,4.35705000617028,0.2035217106263169,1.0,0.0,0.0,1.0,0.0
374,8.193334870491853,8.644753511256067,3.1436001053123075,1.0,0.0,0.0,1.0,0.0
375,10.594372771059918,0.300184221962306,4.766703962782415,1.0,0.0,0.0,1.0,1.0
376,10.138909802958263,1.7185719558438772,0.2041258281116881,1.0,0.0,0.0,0.0,0.0
377,35.288950205564355,6.175397961082264,0.1890664838757662,1.0,1.0,0.0,1.0,0.0
378,7.600822460495487,1.2327907095233683,1.4495610273145625,1.0,0.0,0.0,0.0,0.0
379,49.06417153588799,0.3790090459451267,1.3846427241296069,1.0,0.0,0.0,0.0,0.0
380,44.37502017108534,0.417006773211944,2.0003174386342932,1.0,0.0,0.0,1.0,0.0
381,2.8243634768902957,2.385967643242708,1.0326761746857005,1.0,0.0,0.0,1.0,0.0
382,3.6724593277080633,0.3259908134768051,0.4838540856139971,1.0,0.0,0.0,1.0,0.0
383,13.27935467308309,2.091676352654785,2.324036923142269,1.0,0.0,0.0,1.0,0.0
384,6.564853590644296,0.0412569591983798,0.5003992428568109,1.0,0.0,0.0,1.0,0.0
385,20.390909544298765,3.4714401859184063,2.1741617636057153,1.0,0.0,0.0,1.0,0.0
386,22.446517888962205,1.533898548285089,0.2902519173559301,1.0,0.0,0.0,0.0,0.0
387,0.4534061086754227,0.0371350672016876,12.17800092801831,0.0,1.0,0.0,0.0,0.0
388,4.304047580893952,0.632199406966239,0.7353806837030095,1.0,0.0,0.0,0.0,0.0
389,5.534137005970368,2.160614997755072,36.07436613121382,1.0,0.0,0.0,0.0,0.0
390,12.391271458480183,1.658017253495324,0.3805746885660966,1.0,0.0,0.0,1.0,0.0
391,11.080794015511003,0.2455965630076158,1.2732996181772482,1.0,0.0,0.0,1.0,0.0
392,2.8104445315224496,0.8512688451244448,0.6731368762280389,1.0,0.0,1.0,0.0,0.0
393,386.0952542627018,5.367957485452141,1.6157354230697163,1.0,0.0,0.0,1.0,1.0
394,6.266875949122035,0.6305840623448757,1.5649729921186024,1.0,0.0,0.0,0.0,0.0
395,5.6954934280992395,2.63292937753333,0.3307893669659176,1.0,0.0,0.0,0.0,0.0
396,2.7011661564872886,1.809928033536013,4.256592098080436,1.0,0.0,0.0,0.0,0.0
397,14.73729197382836,132.0348270100164,1.1232512845074922,1.0,1.0,0.0,0.0,0.0
398,3.246637106251435,0.1006443052925759,0.7646460550752956,1.0,0.0,1.0,1.0,0.0
399,29.57891520145848,1.258031800931959,0.7886575593680226,1.0,0.0,0.0,0.0,0.0
400,17.662467299511363,0.4176305617715755,1.2789516497414328,1.0,0.0,0.0,1.0,0.0
401,21.072480783150215,0.5696618798811343,0.1959851732274682,1.0,1.0,0.0,0.0,0.0
402,3.080101147024145,1.9033643207416504,0.7266040728926934,1.0,0.0,1.0,0.0,0.0
403,6.193254312924623,4.342273145334002,0.2962466729045098,1.0,1.0,0.0,1.0,0.0
404,29.403070179640057,13.858298150980074,0.2223161549991105,1.0,1.0,0.0,0.0,0.0
405,22.278717925143635,0.7409933653651504,2.9964967544813024,1.0,0.0,0.0,0.0,0.0
406,0.8053057089628268,0.1288077724058954,1.271501169729632,0.0,0.0,0.0,0.0,0.0
407,21.591215564022363,0.061048013338781,0.9278283731499524,1.0,0.0,1.0,0.0,0.0
408,1.8228219034766997,13.266820788456917,2.1473715102011206,0.0,0.0,0.0,1.0,0.0
409,73.08987811853682,1.4452773667988534,2.283660125205195,1.0,0.0,0.0,1.0,0.0
410,8.602004067919077,1.2039801378455974,3.914198062329365,1.0,1.0,0.0,0.0,0.0
411,15.237380186351892,27.120739060772703,0.955504070509539,1.0,0.0,0.0,1.0,0.0
412,965.9106119620062,0.0236040085750649,0.2579081017144914,1.0,0.0,0.0,1.0,1.0
413,6.430639905330796,0.3639052019372112,1.159076681912253,1.0,0.0,0.0,1.0,0.0
414,10.732951525446076,1.5692389670816616,0.1691834675418481,1.0,1.0,0.0,1.0,0.0
415,19.4827200920744,2.315738610904497,1.1323422705408337,1.0,0.0,1.0,1.0,0.0
416,13.363635368851597,0.4371065785067624,2.133985057745623,1.0,0.0,0.0,1.0,0.0
417,57.53565457657533,1.7289180101574126,1.3898688892740725,1.0,0.0,0.0,0.0,0.0
418,5.3502403287107025,2.7488176937520996,0.157667427153892,1.0,1.0,0.0,0.0,0.0
419,74.79093362563121,5.3196247875842175,0.9988681215569608,1.0,1.0,0.0,0.0,0.0
420,34.02609896075793,0.5843366956120519,0.4135827669196766,1.0,0.0,0.0,1.0,0.0
421,8.948874101265133,0.592979578551138,1.5546471497640704,1.0,0.0,0.0,0.0,0.0
422,7.17929358037694,0.7882999451905804,0.7544225825478235,1.0,1.0,0.0,1.0,0.0
423,53.74719241008957,0.2394659354323226,1.4643939705220244,1.0,1.0,0.0,1.0,0.0
424,34.951674502627654,2.4089331699515366,2.078656443177024,1.0,1.0,0.0,1.0,0.0
425,2.232716457759091,2.2764561675009145,0.9343223653757766,1.0,1.0,0.0,0.0,0.0
426,8.633030470580774,3.0347601741627415,1.1975184657426352,1.0,1.0,0.0,0.0,0.0
427,2.798045964634496,0.4862489028600004,2.3530465950254538,1.0,1.0,0.0,1.0,0.0
428,2.7139875022027637,0.102796893321126,0.4406457547951273,1.0,0.0,0.0,0.0,0.0
429,3.688139175836052,1.9534771554486412,0.5684582324912473,1.0,1.0,0.0,1.0,0.0
430,108.86785564568189,0.1648839435135057,0.2607818280794786,1.0,0.0,0.0,1.0,1.0
431,3.923262361190824,0.4325725249706553,0.5453210396217248,1.0,0.0,0.0,0.0,0.0
432,8.277743349724311,0.0141956368000706,1.314611664802647,1.0,1.0,0.0,1.0,0.0
433,37.38864984438302,0.3068196496172443,0.2789942601091568,1.0,0.0,0.0,0.0,0.0
434,1.6687103907136007,0.4960808295934101,0.32763293282462,0.0,0.0,0.0,1.0,0.0
435,36.52520515877946,3.640865289184288,0.7677634812591065,1.0,1.0,0.0,0.0,0.0
436,6.498015604445639,0.2289946750247996,0.1717501497577395,1.0,0.0,0.0,0.0,0.0
437,9.04601823948317,1.342226405792683,0.188888423027861,1.0,1.0,0.0,1.0,0.0
438,1.1196430256739065,0.9618577755122752,1.1964742401537445,0.0,0.0,0.0,1.0,0.0
439,23.024129447602387,0.0250594760324926,0.300026141877583,1.0,1.0,0.0,1.0,0.0
440,6.244341385782774,1.870016009896488,1.391945317875494,1.0,0.0,0.0,1.0,0.0
441,60.81399008055137,0.5877777329862293,0.6781417447334123,1.0,0.0,0.0,1.0,0.0
442,10.576956074853411,1.2679782196455234,1.2983622583770216,1.0,1.0,0.0,1.0,0.0
443,6.191613079176138,1.681059690656787,0.8484405985739482,1.0,0.0,0.0,1.0,0.0
444,6.190879526310068,1.6991272832801043,0.8464020003801832,1.0,0.0,0.0,0.0,0.0
445,23.233132532991664,13.444366445656884,0.2083737008298069,1.0,0.0,0.0,1.0,0.0
446,38.65607982271507,0.6813890057077744,3.456065336068028,1.0,1.0,0.0,1.0,0.0
447,2.493433495597399,0.7794254269297773,4.007341140404431,1.0,0.0,0.0,1.0,1.0
448,9.807804885752043,10.682572519665984,0.2611209660020782,1.0,0.0,0.0,1.0,0.0
449,4.970775363295045,0.0416251338315162,0.1635499826287478,1.0,0.0,0.0,1.0,0.0
450,27.29664618222322,4.297156511189185,2.5212407934902177,1.0,0.0,0.0,0.0,0.0
451,2.1141350460494315,1.2694938432130398,0.1324213136528142,1.0,0.0,0.0,1.0,0.0
452,1.3172229490914074,0.6508436618122261,1.1868278951366265,0.0,0.0,0.0,1.0,0.0
453,2.4764043373653855,0.1761307668500934,3.325585604650357,1.0,0.0,0.0,1.0,0.0
454,46.6879202112346,0.927317069382309,0.1564181305211291,1.0,0.0,0.0,1.0,0.0
455,11.005670188430864,0.0535070636155551,0.8021540794885227,1.0,0.0,0.0,0.0,0.0
456,5.65767611199685,0.0181831969750245,0.5155314604289701,1.0,1.0,0.0,1.0,0.0
457,5.734250177097787,5.882852274669652,0.5087979830466455,1.0,1.0,1.0,1.0,0.0
458,14.831706122637694,3.1244802541760293,0.645913151525334,1.0,1.0,1.0,0.0,0.0
459,17.809987681489226,3.732033948279026,1.967878529751869,1.0,0.0,1.0,0.0,0.0
460,7.654018284629994,1.1968212165002696,3.865976882857933,1.0,0.0,0.0,1.0,0.0
461,6.111096783537028,0.955214412118998,1.783102217864966,1.0,0.0,0.0,0.0,0.0
462,51.923187230021696,0.4129246557663244,2.4926845056422153,1.0,0.0,0.0,0.0,0.0
463,48.755036250311846,0.1796158737489023,0.12802443912209,1.0,1.0,0.0,1.0,0.0
464,1.6208600278446177,0.7101915008363935,1.6323933270010142,0.0,0.0,0.0,1.0,0.0
465,1.2592267596291749,2.9731985733514805,0.1712786360526101,0.0,0.0,1.0,1.0,0.0
466,9.309141020509148,0.595222053473618,0.0529258739177541,1.0,0.0,1.0,1.0,0.0
467,46.55429556780344,2.591477633670593,3.2429438841916283,1.0,1.0,0.0,0.0,0.0
468,1.7650873854579792,0.7033809442509281,2.074425150649767,0.0,0.0,0.0,1.0,0.0
469,79.70684061084661,0.4539438828630706,0.5480855004330756,1.0,0.0,1.0,0.0,0.0
470,19.256249794662235,108.49306246802048,1.015924522666747,1.0,0.0,0.0,0.0,0.0
471,5.466383874918495,0.158848608768109,0.806384612361203,1.0,1.0,0.0,1.0,0.0
472,23.303816076696823,2.7716854855725694,0.7811248262405434,1.0,1.0,1.0,1.0,0.0
473,32.788714873516916,0.0406247900525845,0.4672580945231137,1.0,1.0,0.0,0.0,0.0
474,6.02039685086494,1.176493721521232,14.17515728502605,1.0,0.0,1.0,0.0,0.0
475,8.018449955189283,3.6400761932032526,13.655146408378712,1.0,1.0,0.0,1.0,1.0
476,11.54351646154913,0.409373378374106,1.5787513824746036,1.0,0.0,0.0,1.0,0.0
477,8.175497382203204,7.913083286671629,3.705153518250397,1.0,1.0,0.0,0.0,0.0
478,0.8477594588149366,3.314031390030421,0.4754972118138527,0.0,1.0,0.0,0.0,0.0
479,9.046135788639193,9.13955394848356,0.7461315426635221,1.0,1.0,0.0,0.0,0.0
480,17.075323917363992,5.661386105538057,1.9471976391103352,1.0,1.0,0.0,0.0,0.0
481,38.95525947308328,6.362583215077055,0.2126532933681843,1.0,0.0,0.0,1.0,0.0
482,25.51736574091718,0.018884654389403,10.559113440766549,1.0,0.0,0.0,1.0,1.0
483,23.975086263142916,2.4693253259847494,1.1869921986641927,1.0,0.0,1.0,1.0,0.0
484,52.1600304239017,0.3527218501962453,0.4983511911271353,1.0,0.0,1.0,0.0,0.0
485,13.174970808085884,3.976882394475091,1.5843839717506425,1.0,0.0,0.0,1.0,0.0
486,14.169393264213731,0.62748941786836,0.3243685003485506,1.0,0.0,0.0,1.0,0.0
487,25.45122598489605,0.3504614372744198,0.1930750432851004,1.0,1.0,0.0,0.0,0.0
488,4.9888279559450766,0.5200370482981048,1.1821183755754372,1.0,1.0,0.0,1.0,0.0
489,14.08966417245652,0.1709601897786228,1.0255009299346998,1.0,0.0,0.0,1.0,0.0
490,5.317065126702183,1.6435824438179882,0.3577178143104804,1.0,0.0,0.0,0.0,0.0
491,69.64719839204565,0.17124161324548,0.3246210098452393,1.0,0.0,0.0,1.0,0.0
492,7.52820434965152,15.225431333339516,0.0746078763001023,1.0,0.0,0.0,1.0,0.0
493,41.7746724679732,0.3181979285944993,3.0124769455042615,1.0,1.0,0.0,1.0,0.0
494,19.613741461684786,4.394683062780756,4.937606527090611,1.0,0.0,0.0,1.0,1.0
495,9.229713304533064,3.50267477781679,0.1015117526874777,1.0,0.0,0.0,1.0,0.0
496,0.2491222051597375,0.3107286509069018,0.4878680079745568,0.0,0.0,0.0,1.0,0.0
497,14.360880254733786,1.5120588010442817,0.2172307960339654,1.0,0.0,0.0,1.0,0.0
498,13.384379288574404,2.694129499517561,0.3017869482174631,1.0,0.0,0.0,1.0,0.0
499,7.387695846265409,1.5988268897459557,0.8472181435100413,1.0,0.0,0.0,1.0,0.0
500,1.7506836482423629,0.580885030656226,0.2472854935406011,0.0,0.0,0.0,0.0,0.0
501,1.869959393373384,2.514884917231318,1.394792458401423,0.0,0.0,0.0,1.0,0.0
502,1.7535278219036736,3.749889667472616,1.143069032451074,0.0,0.0,0.0,1.0,0.0
503,203.61497990456036,4.801743074014269,0.4818275767625839,1.0,0.0,0.0,1.0,1.0
504,6.702776398826493,1.5053022431507512,0.6999374888458985,1.0,1.0,0.0,1.0,0.0
505,24.554492119315068,0.858171409954705,0.913537604751219,1.0,0.0,0.0,0.0,0.0
506,4.070386466114257,1.210691165429492,0.365732082292719,1.0,0.0,0.0,0.0,0.0
507,2.733860735541885,1.976024190411944,0.520279834284415,1.0,0.0,0.0,0.0,0.0
508,44.70397867610026,0.8892421676708772,1.8097305545971896,1.0,1.0,0.0,0.0,0.0
509,7.420485013089126,11.589549323525576,1.4931018112682046,1.0,1.0,0.0,1.0,0.0
510,6.976530601566584,0.0440354961476152,0.3915140047567116,1.0,0.0,0.0,1.0,0.0
511,4.834574507021715,2.172231927144408,0.2169229173625997,1.0,1.0,0.0,1.0,0.0
512,28.900626487713463,0.0286151212369534,0.3047194878498207,1.0,0.0,1.0,0.0,0.0
513,83.7441897806147,0.2515410997026503,1.933177730367598,1.0,0.0,0.0,1.0,0.0
514,28.34163102032678,9.86867175449891,0.244756941133736,1.0,0.0,0.0,0.0,0.0
515,5.303524756454944,0.0782979686738931,0.2103931251302448,1.0,0.0,0.0,0.0,0.0
516,35.037521027313026,0.1615864776417842,2.8898019051508097,1.0,1.0,0.0,1.0,0.0
517,3.752089216896487,0.0162839975607524,1.1214086852417078,1.0,0.0,0.0,0.0,0.0
518,0.8226709078808288,0.6442415284177565,0.9807216655165304,0.0,0.0,0.0,1.0,0.0
519,33.90884896793055,1.4097592486150456,1.2875553849088173,1.0,0.0,0.0,1.0,0.0
520,181.86331424612112,0.4847605839040534,1.9557071972465696,1.0,0.0,0.0,1.0,1.0
521,1.307585575947076,2.2478647577839133,4.7552090724436535,0.0,1.0,0.0,0.0,0.0
522,1.9629444184084424,0.6430037048291208,0.5596600724590379,1.0,0.0,0.0,1.0,0.0
523,3.1896492389996354,0.1580258098215841,0.1138719361173534,1.0,0.0,0.0,1.0,0.0
524,14.243776705325756,0.0373340441275074,0.5000002610266105,1.0,0.0,0.0,1.0,0.0
525,9.72946283162042,0.1522647841107312,0.3524503431363273,1.0,1.0,0.0,0.0,0.0
526,3.2524737308069387,2.164226739210656,0.4577810614521176,1.0,1.0,0.0,1.0,0.0
527,2.9375450892143378,7.140061628552871,3.4568019268999137,1.0,0.0,0.0,1.0,0.0
528,72.9248327718886,2.202201688414329,0.8837030119257746,1.0,0.0,0.0,1.0,0.0
529,4.528278970308113,11.986658826146554,1.2618829063298942,1.0,0.0,0.0,1.0,0.0
530,6.723445291854571,4.018906100855293,0.8202088099078075,1.0,1.0,0.0,1.0,0.0
531,37.61362673523848,0.0933086970120111,2.3365282125426634,1.0,0.0,0.0,0.0,0.0
532,4.553073036425543,0.2758334759906019,0.5568531142858465,1.0,1.0,0.0,0.0,0.0
533,3.449693507126815,0.1953773279513213,0.8164703183203501,1.0,0.0,0.0,1.0,0.0
534,2.7506665210201615,0.4224047312323511,1.749291940278903,1.0,0.0,0.0,1.0,0.0
535,119.87121743011052,0.4275339148103565,0.2146754281625971,1.0,0.0,0.0,0.0,0.0
536,11.790624850811453,11.011120853053262,0.1330772498702915,1.0,0.0,0.0,1.0,0.0
537,2.75220609609673,0.727363925365926,1.385929204057318,1.0,0.0,0.0,1.0,0.0
538,2.5631143916672445,11.782379735982763,0.6444214077559218,1.0,0.0,0.0,1.0,0.0
539,47.41568031069742,8.218394010396292,0.7210979104027091,1.0,0.0,0.0,1.0,0.0
540,2.608174259872361,1.792250153623208,0.5474832453084976,1.0,1.0,0.0,0.0,0.0
541,20.01333326068119,0.9421960493561016,1.923442898340983,1.0,1.0,0.0,0.0,0.0
542,124.7217063646739,0.2547188591516578,0.6817381038531837,1.0,0.0,0.0,0.0,0.0
543,4.83633068401275,31.580728276419215,2.170196995715605,1.0,1.0,0.0,1.0,0.0
544,30.30730117294396,0.1063601701429484,0.5806946947494755,1.0,0.0,0.0,0.0,0.0
545,30.907413860610333,0.8327862655311475,2.818713521474515,1.0,0.0,0.0,1.0,0.0
546,9.536126316341765,0.4362480617321593,4.034980883431675,1.0,0.0,0.0,1.0,1.0
547,1.9738402386860177,3.0534686135612525,0.4221322796868114,1.0,1.0,1.0,0.0,0.0
548,1.1735724501946314,0.1278929796376131,2.159943859984291,0.0,0.0,0.0,1.0,0.0
549,2.8955281205480072,25.660377877989617,0.8614681935976859,1.0,0.0,0.0,0.0,0.0
550,4.403263397293993,0.173726087898052,0.6411688222233883,1.0,0.0,0.0,0.0,0.0
551,13.445376718775696,0.5828560278095959,4.868268160285668,1.0,1.0,0.0,1.0,1.0
552,1.4587816944595182,2.4542252431194487,0.2783918954725589,0.0,0.0,0.0,1.0,0.0
553,10.022986178414495,1.2621036496642262,0.2087878663138872,1.0,0.0,0.0,1.0,0.0
554,11.67231034681138,0.2239037396344751,7.443476095886652,1.0,1.0,0.0,1.0,1.0
555,4.626451068793969,0.3250090753612082,0.291571646353067,1.0,0.0,0.0,1.0,0.0
556,25.76711762727291,0.2404474559816651,0.1594242179686579,1.0,1.0,0.0,0.0,0.0
557,25.733268564324725,2.2432325038681373,4.201542807880836,1.0,0.0,0.0,0.0,0.0
558,92.4130662011352,0.3077265944352549,3.350169546945919,1.0,0.0,0.0,1.0,0.0
559,10.898716491420144,1.483684761594403,6.957806091768243,1.0,0.0,0.0,1.0,1.0
560,7.367121653853857,3.3427313125833913,0.5877956210036052,1.0,0.0,0.0,1.0,0.0
561,3.3537373029551274,0.0283238217982427,0.7660965684423648,1.0,0.0,0.0,0.0,0.0
562,2.9620236137362954,0.4389930898559504,0.3546583735213674,1.0,0.0,0.0,1.0,0.0
563,67.80106945388533,10.12435826200926,0.7701205033839584,1.0,0.0,0.0,1.0,0.0
564,11.156602095129657,83.5157750341453,2.1204845869580047,1.0,1.0,0.0,1.0,0.0
565,18.80232776941566,0.6927374330341293,6.333029385204457,1.0,0.0,0.0,0.0,0.0
566,43.71307609524675,0.0087794139032437,0.4314912221547277,1.0,1.0,0.0,1.0,0.0
567,60.038750566856976,1.2938832610123674,1.6059031597314182,1.0,0.0,0.0,1.0,0.0
568,537.1514655092042,1.639335482331624,1.8994623698524833,1.0,0.0,0.0,1.0,1.0
569,66.63681002408377,0.4466992104951373,1.4055216587134969,1.0,0.0,0.0,1.0,0.0
570,5.425581818640647,0.0585759376825215,1.9670663185353472,1.0,0.0,0.0,1.0,0.0
571,4.061359715049158,31.085641218389195,0.5579729642673832,1.0,0.0,0.0,0.0,0.0
572,7.101048806063547,1.820919388068601,1.3436357018753389,1.0,0.0,0.0,1.0,0.0
573,4.1477727277745045,34.893746779526516,0.841907123994403,1.0,0.0,0.0,1.0,0.0
574,11.185902732728076,0.2769166351179418,3.5279657766831014,1.0,1.0,0.0,1.0,0.0
575,5.741232950653728,0.0070996592227933,7.111913066985944,1.0,1.0,0.0,0.0,0.0
576,46.66246405946675,3.108844878583609,0.8792974268343323,1.0,0.0,1.0,1.0,0.0
577,7.471023586193528,0.0552496930456428,1.1544512508426588,1.0,0.0,0.0,1.0,0.0
578,22.09334583704821,0.6205368432780263,2.961612637671378,1.0,0.0,0.0,0.0,0.0
579,25.18027797998742,1.790907339297758,4.595736199636936,1.0,0.0,0.0,1.0,1.0
580,4.974667804987733,0.5001781187680068,0.504898358005456,1.0,0.0,0.0,1.0,0.0
581,16.68680899762977,2.850449969586752,0.3576404922645194,1.0,1.0,0.0,1.0,0.0
582,8.912132670447143,0.1854318521796656,6.677103482680327,1.0,0.0,0.0,0.0,0.0
583,6.348743300143236,0.2114897339540599,1.4099426081730633,1.0,0.0,0.0,0.0,0.0
584,9.60770855244792,1.1692194924683283,3.674885976112381,1.0,1.0,0.0,1.0,0.0
585,8.553590534610327,4.9421830527909165,1.091558417679955,1.0,1.0,0.0,1.0,0.0
586,9.8733459094686,2.429032000019121,0.8233309460992063,1.0,0.0,0.0,1.0,0.0
587,14.668286519438023,1.3333094960426188,0.5716952231624843,1.0,1.0,0.0,1.0,0.0
588,42.02329848428849,0.6316622766263302,0.3549002868131645,1.0,0.0,0.0,1.0,0.0
589,2.4615388377708576,0.4909780511085223,1.1665866072224254,1.0,1.0,0.0,1.0,0.0
590,3.0799312816831073,1.1340098284688842,0.636839411901224,1.0,0.0,0.0,0.0,0.0
591,4.6741020520119285,1.5971393766858142,1.0743255947077246,1.0,0.0,0.0,1.0,0.0
592,60.132448901644864,49.13221640188412,0.0820130511011554,1.0,0.0,0.0,0.0,0.0
593,5.630854175498934,1.6267691110781313,1.645281090516297,1.0,0.0,0.0,1.0,0.0
594,13.98494805289043,0.7923282060376954,2.038611104621076,1.0,0.0,0.0,1.0,0.0
595,1.6581477880030753,2.426571749622172,0.9282518461667032,0.0,1.0,0.0,1.0,0.0
596,12.119136641523312,0.2624588984240422,0.8370423451464646,1.0,1.0,0.0,1.0,0.0
597,31.139162628557287,0.7082675707698268,0.5405525492289026,1.0,0.0,0.0,0.0,0.0
598,1.8145733847874457,5.581130128224131,0.2333027778405236,0.0,1.0,0.0,1.0,0.0
599,0.3226994897440391,0.9038798834374384,0.472386360783788,0.0,0.0,0.0,1.0,0.0
600,23.073324747862102,4.607427127913421,1.03100963422749,1.0,0.0,0.0,0.0,0.0
601,32.56684334945344,0.0014484859024535,0.9211211479204696,1.0,0.0,0.0,0.0,0.0
602,0.1109905074622299,0.7964439814980652,1.2856358751855903,0.0,1.0,0.0,0.0,0.0
603,4.574542999408512,2.311458167733218,0.1480137577184193,1.0,0.0,0.0,0.0,0.0
604,156.02061433059012,0.1465231621399546,0.3238845631232703,1.0,0.0,1.0,1.0,0.0
605,11.638125007762456,18.82342528139781,1.440934978323309,1.0,0.0,0.0,0.0,0.0
606,22.19613606155192,1.4050052448483092,0.6115305425969538,1.0,0.0,0.0,1.0,0.0
607,1.3774438291326636,31.78624859279359,0.1639149588858215,0.0,0.0,0.0,0.0,0.0
608,127.05287934897676,1.1729413895798018,0.2662085709090642,1.0,1.0,0.0,1.0,0.0
609,7.518391095741421,0.2383985327181949,0.2062321379502022,1.0,0.0,1.0,1.0,0.0
610,15.099362599325314,28.909489423986283,0.8664999877322404,1.0,1.0,0.0,1.0,0.0
611,2.415117032634864,5.9110573265013135,0.452824015620576,1.0,1.0,0.0,1.0,0.0
612,128.10156860917917,2.9282955780047755,1.3232377030358309,1.0,1.0,0.0,1.0,0.0
613,38.61781398949952,0.5439317953634253,3.300181506451146,1.0,0.0,0.0,1.0,0.0
614,1.0250636385127585,0.4050358441430804,1.5148822946526324,0.0,0.0,1.0,1.0,0.0
615,8.57139251006836,2.315862395100996,0.8094924406162967,1.0,0.0,0.0,1.0,0.0
616,3.0922152254391855,7.676584453177251,1.3498011101271044,1.0,0.0,0.0,1.0,0.0
617,23.55632928192159,4.317487352601117,0.8496576638226827,1.0,1.0,0.0,1.0,0.0
618,7.944889174234643,6.105123131075921,0.6007630423850532,1.0,1.0,0.0,1.0,0.0
619,13.391376161720784,0.4066453559110527,5.711177073871606,1.0,0.0,0.0,1.0,1.0
620,17.20179959340498,0.9487795854221844,1.9245534498459889,1.0,1.0,1.0,1.0,0.0
621,4.961292663285884,0.3765318163347534,4.382649729538412,1.0,0.0,0.0,0.0,0.0
622,4.060641856856879,3.3950319581113524,0.2197232899588215,1.0,0.0,0.0,1.0,0.0
623,5.559593146750374,3.5276598464984783,0.3698930970218005,1.0,0.0,0.0,0.0,0.0
624,7.162335619702352,0.1433300888586792,0.3217826662072263,1.0,1.0,0.0,1.0,0.0
625,1.6820877300066133,20.945048460453528,0.0916544762049764,0.0,0.0,0.0,0.0,0.0
626,19.17467507895014,0.1717800188425424,1.6207039999199313,1.0,0.0,0.0,0.0,0.0
627,7.113412598115031,35.7924057582223,0.2367734887572211,1.0,0.0,0.0,1.0,0.0
628,55.118661790541275,1.0293931958018023,0.3960688759082989,1.0,0.0,0.0,0.0,0.0
629,8.356223063395658,0.0445911699051932,11.626407966850314,1.0,0.0,0.0,1.0,1.0
630,11.4413996679194,0.0283475952615507,1.1256747310645312,1.0,0.0,0.0,0.0,0.0
631,20.56621862853341,2.306317301401085,1.3747671638451329,1.0,0.0,0.0,1.0,0.0
632,5.672479224099684,3.2272088427911885,0.3799888644294213,1.0,0.0,0.0,1.0,0.0
633,13.24731370918994,0.3767164634317108,1.871991564931173,1.0,0.0,0.0,1.0,0.0
634,21.883110918946596,0.2829244116454883,0.0901212601077712,1.0,0.0,0.0,1.0,0.0
635,36.36740613865922,0.0702700316906216,1.011177327047423,1.0,0.0,0.0,1.0,0.0
636,12.62753331237518,0.6607266499660676,3.710663577578426,1.0,1.0,0.0,1.0,0.0
637,9.569921377011514,0.456419552660062,5.377945947724951,1.0,0.0,0.0,1.0,1.0
638,6.149339085235063,5.157387140704651,6.195438373393428,1.0,0.0,0.0,1.0,1.0
639,16.466307748490358,10.444669592094517,0.2450921119573507,1.0,0.0,1.0,0.0,0.0
640,31.238025535965797,0.2494964037843839,7.158601127095097,1.0,0.0,0.0,1.0,1.0
641,15.007076395434112,9.269581241987051,0.9278744618156686,1.0,0.0,1.0,0.0,0.0
642,48.98416083800789,1.1628280350752398,0.7100426719714695,1.0,0.0,0.0,1.0,0.0
643,48.90272698851663,0.2058164417394661,1.307000227757772,1.0,0.0,1.0,0.0,0.0
644,2.622403093857081,1.2601863953157733,6.535159578895149,1.0,0.0,0.0,1.0,1.0
645,23.418461434931324,1.945048828584533,4.847080911882261,1.0,1.0,0.0,1.0,1.0
646,3.063300779833685,3.4352699618050244,1.7285148486708788,1.0,1.0,0.0,0.0,0.0
647,1.0226665754175457,0.0515832727914983,3.172012756384051,0.0,1.0,1.0,1.0,0.0
648,39.41243580912886,1.539161737641601,1.762040287016231,1.0,1.0,0.0,1.0,0.0
649,1.818129167736443,0.0224415156637456,2.5445646081776987,0.0,0.0,0.0,1.0,0.0
650,9.829891773650758,5.6748817623692185,11.79518414503795,1.0,0.0,0.0,0.0,0.0
651,4.617784750786178,6.702259759433991,0.174505159831153,1.0,0.0,1.0,0.0,0.0
652,7.913734418727703,0.4256613861561943,1.5200005522792015,1.0,1.0,0.0,0.0,0.0
653,9.024411465557312,3.2304118339315,0.5679162920955185,1.0,1.0,0.0,1.0,0.0
654,4.659976127107761,4.114380308898388,0.5167441584531017,1.0,1.0,0.0,0.0,0.0
655,35.27673737664303,0.5641463359847798,3.677761095018668,1.0,0.0,1.0,0.0,0.0
656,1.619054402304216,39.15041257384453,0.093604694637243,0.0,1.0,0.0,1.0,0.0
657,25.786331743829383,2.1599719933456636,3.1056953655163713,1.0,0.0,0.0,1.0,0.0
658,147.30964828554545,1.446091473036078,0.3749843837851066,1.0,1.0,0.0,0.0,0.0
659,18.744854648974417,0.7071867408762247,1.480157114706297,1.0,0.0,0.0,1.0,0.0
660,42.58424349949606,0.2843205071436339,0.7305089197950219,1.0,0.0,0.0,1.0,0.0
661,8.213851379650622,0.7283013878938492,0.9120114434915876,1.0,0.0,0.0,1.0,0.0
662,3.2841005954801923,0.7002838049840707,0.3683475797088038,1.0,0.0,0.0,1.0,0.0
663,3.5126464481114024,5.289926563517834,0.3624144848767986,1.0,1.0,0.0,1.0,0.0
664,16.49656922624184,2.95126133453019,4.703955164299819,1.0,1.0,1.0,1.0,0.0
665,9.381093633619408,1.1319974629549434,5.334167936961713,1.0,0.0,1.0,0.0,0.0
666,5.847115218075591,0.4942780953400405,1.0571143503456228,1.0,0.0,0.0,1.0,0.0
667,289.4484545638737,9.882042126477568,1.832586704121451,1.0,0.0,0.0,1.0,1.0
668,6.484446088939983,0.4789161790362724,0.0169327562198591,1.0,1.0,0.0,0.0,0.0
669,3.62306861245404,6.87069643067582,5.295454472705159,1.0,0.0,1.0,0.0,0.0
670,25.682910952197513,2.6600241645729734,0.2457676807122795,1.0,0.0,0.0,0.0,0.0
671,392.21799039582856,0.0194184932018918,0.3960808804263961,1.0,0.0,0.0,1.0,1.0
672,38.557902623624095,6.795988973234684,3.183796049006702,1.0,0.0,1.0,1.0,0.0
673,5.496774289733678,12.36710868322358,0.3351378679370551,1.0,0.0,0.0,0.0,0.0
674,13.22711781747774,4.328324856501416,0.1628438841713671,1.0,0.0,0.0,0.0,0.0
675,10.41043892771554,4.661611127423043,1.1746978948710625,1.0,0.0,0.0,1.0,0.0
676,22.489810627258507,2.289516926150633,2.2258276705479845,1.0,0.0,0.0,1.0,0.0
677,9.76609510769913,9.650277095665482,1.8970418091480128,1.0,1.0,0.0,1.0,0.0
678,20.700519657193087,0.3077965861642707,5.910676739087882,1.0,1.0,0.0,1.0,1.0
679,12.27986122977091,4.816447372339269,0.4636747177864846,1.0,1.0,0.0,1.0,0.0
680,2.135390071662602,2.362809871888912,0.1114014666006936,1.0,1.0,0.0,1.0,0.0
681,24.796902189906653,0.0458591622751203,0.346127592090826,1.0,0.0,0.0,0.0,0.0
682,48.9912240297141,8.130739200265998,2.0379942883994433,1.0,1.0,1.0,1.0,0.0
683,6.550509915762379,0.2185158839427128,0.2635431923522516,1.0,0.0,0.0,0.0,0.0
684,9.139425077868212,0.1245113807541298,0.9829453705479544,1.0,0.0,0.0,0.0,0.0
685,5.916342582155666,5.099246591311101,0.4197788961686196,1.0,0.0,0.0,0.0,0.0
686,37.38390420494112,0.2483045524128897,0.8756869651017867,1.0,0.0,0.0,0.0,0.0
687,8.648202310551042,0.8664839601406816,2.7666752352192963,1.0,0.0,0.0,0.0,0.0
688,9.497567694524458,0.2594127470518714,1.0562487239023997,1.0,1.0,0.0,1.0,0.0
689,7.219378634999656,0.2964575407964,6.510178870401541,1.0,1.0,0.0,1.0,1.0
690,35.12502308254576,0.3400103027928777,2.6030528958939243,1.0,0.0,0.0,0.0,0.0
691,288.5358337109057,0.4444589462025324,0.6022959908240185,1.0,0.0,1.0,0.0,0.0
692,3.4814527437842933,0.2365974608470245,0.3929981386272317,1.0,0.0,0.0,0.0,0.0
693,69.23466192966991,0.6992638487121275,0.2506704329611549,1.0,0.0,0.0,1.0,0.0
694,2.765788778380343,0.6885857692202761,6.928813284107865,1.0,0.0,0.0,1.0,1.0
695,7.418518846661955,0.5558042197110198,0.2140890040869643,1.0,0.0,0.0,1.0,0.0
696,21.491939162236772,0.8909041902310486,1.2317211112305997,1.0,1.0,0.0,1.0,0.0
697,8.730968413063945,0.146999710776132,0.3994726299013444,1.0,1.0,0.0,0.0,0.0
698,12.44241092594238,0.4768603345927047,0.5676636790244227,1.0,1.0,1.0,0.0,0.0
699,51.099488313130664,0.1672133068208469,0.9550034178238518,1.0,0.0,0.0,1.0,0.0
700,4.919378422516191,8.89671474365102,2.096961487023726,1.0,1.0,0.0,1.0,0.0
701,5.12370126837679,2.004670034442982,0.4213843765190641,1.0,1.0,0.0,0.0,0.0
702,9.582590392084397,14.403477265869396,1.0742417537366526,1.0,0.0,0.0,1.0,0.0
703,4.152315021795586,0.3264234729271861,0.6393947997946012,1.0,0.0,0.0,0.0,0.0
704,0.401583277308327,0.1981725339468035,1.6037371252824777,0.0,0.0,0.0,1.0,0.0
705,12.34662967506876,1.8356692268560355,0.159482869445582,1.0,0.0,0.0,1.0,0.0
706,4.086940428790919,0.6255122269190169,1.6182300276757806,1.0,0.0,0.0,1.0,0.0
707,0.5373443292778941,0.476286878466692,0.1725202747062844,0.0,0.0,0.0,0.0,0.0
708,4.694554111014938,0.4171272330120514,0.4479962194574329,1.0,1.0,0.0,1.0,0.0
709,101.39336324703515,0.9566570724513964,0.7793882700137514,1.0,0.0,0.0,1.0,1.0
710,0.3543004101393024,0.3086945944364538,0.7695745267210397,0.0,0.0,0.0,1.0,0.0
711,6.74762174216893,14.49917033523862,0.9820596768596224,1.0,0.0,0.0,1.0,0.0
712,60.64622156137874,0.4937250236249926,5.898155905017496,1.0,1.0,1.0,0.0,0.0
713,2.278508750482654,0.5217161034051753,1.6847047464919105,1.0,0.0,0.0,1.0,0.0
714,1.7735154534033757,0.2995153955539946,0.1923731170987451,0.0,0.0,0.0,0.0,0.0
715,3.886488504207146,0.6850401040081883,1.6362127057656812,1.0,1.0,0.0,1.0,0.0
716,11.00037283295609,0.3117265862305068,2.0355766647205766,1.0,0.0,0.0,1.0,0.0
717,11.431009123652323,0.3598479024730877,0.5891550550937771,1.0,0.0,0.0,1.0,0.0
718,6.634185255450212,2.4521592452954604,1.2484659256056096,1.0,0.0,0.0,1.0,0.0
719,3.362198476008284,1.3928509833727178,1.2067590300127466,1.0,0.0,0.0,1.0,0.0
720,14.788033824925128,2.6319863173956053,1.062602446987418,1.0,0.0,0.0,1.0,0.0
721,2.4200551390212266,2.467801130500243,0.8612465953772445,1.0,1.0,0.0,1.0,0.0
722,23.5175266582177,3.513484781878896,0.241444044182483,1.0,0.0,0.0,0.0,0.0
723,13.915030083068457,0.1804656813512057,18.639703923781052,1.0,1.0,0.0,1.0,1.0
724,13.635571699137325,2.19026490752564,0.6978706087155423,1.0,0.0,0.0,1.0,0.0
725,21.90231999803279,2.0511715845744942,0.0905318649610617,1.0,0.0,0.0,1.0,0.0
726,6.17423575151507,9.51707154111421,6.265108713577233,1.0,0.0,0.0,0.0,0.0
727,7.4847985600259666,20.677646044912574,1.3728191846506512,1.0,0.0,1.0,1.0,0.0
728,2.3487330556606594,1.5876127370256692,0.7085667459884814,1.0,0.0,0.0,1.0,0.0
729,10.664346303211945,2.4746057703765794,1.1615512276449342,1.0,0.0,1.0,1.0,0.0
730,18.203620647310412,0.4201663812057007,0.4303199024336025,1.0,0.0,0.0,1.0,0.0
731,5.369536300076855,0.3582430029482906,1.7218668082210489,1.0,0.0,1.0,1.0,0.0
732,25.336678029775342,2.6258673953103084,0.143954994397961,1.0,0.0,0.0,1.0,0.0
733,57.0488214511738,2.7640810498711494,0.7581176066828771,1.0,1.0,0.0,0.0,0.0
734,26.56063666552486,1.7425126743466708,0.1043168881680067,1.0,0.0,1.0,1.0,0.0
735,6.042847094782457,2.1707554082478273,1.5612823401783162,1.0,1.0,0.0,1.0,0.0
736,3.927908035075609,1.0134645635125776,0.2090815565888644,1.0,0.0,0.0,1.0,0.0
737,46.04581957671672,2.016127530635998,1.2634349651415349,1.0,1.0,0.0,1.0,0.0
738,7.290368428148109,0.0743213766778177,0.4893587384728394,1.0,1.0,0.0,1.0,0.0
739,3.5194196491382264,0.7515228687076092,1.086996402465442,1.0,0.0,0.0,1.0,0.0
740,4.437668184130479,0.0164122990119217,0.670197037033383,1.0,0.0,0.0,1.0,0.0
741,12.557009227064468,0.0121915438052768,4.145879441165668,1.0,1.0,0.0,0.0,0.0
742,2.696975443865822,0.1071567003758392,0.8268143151992218,1.0,0.0,0.0,1.0,0.0
743,5.599947409177854,2.4770983910395405,5.956153291823687,1.0,0.0,0.0,0.0,0.0
744,7.591659677060288,8.53251064553045,2.4114447449587244,1.0,0.0,0.0,1.0,0.0
745,222.98819519169217,0.4584876737482652,0.1960072809673796,1.0,0.0,1.0,1.0,0.0
746,7.502776771399972,0.9238138230763588,1.2218625882119267,1.0,0.0,1.0,1.0,0.0
747,17.9195945437177,0.2096966591542732,0.9623896581920788,1.0,0.0,1.0,1.0,0.0
748,3.3850921782242054,0.1156686096082934,0.8889598077967019,1.0,0.0,0.0,1.0,0.0
749,30.054986666697545,2.781598847772772,4.466617048904607,1.0,0.0,0.0,0.0,0.0
750,20.01807084492967,7.499138756190091,0.5340601587764816,1.0,1.0,0.0,0.0,0.0
751,8.006876960105895,0.0719093514121557,1.743592204293825,1.0,0.0,0.0,1.0,0.0
752,28.44233905030118,0.9789678058399308,1.1019138504650157,1.0,0.0,0.0,1.0,0.0
753,3.1765825837522645,4.919957720111114,2.414563667788207,1.0,1.0,0.0,1.0,0.0
754,1.6210110586232014,2.2938054325791426,3.6532733837604905,0.0,1.0,0.0,1.0,0.0
755,2.875850175654974,0.2998611801711486,0.7233922993051755,1.0,1.0,0.0,0.0,0.0
756,1.991947289671608,0.1853846484472368,2.4551663410883897,1.0,0.0,0.0,0.0,0.0
757,20.165209277333663,3.818523350698374,1.906445298228703,1.0,0.0,0.0,1.0,0.0
758,18.617065135113137,0.7821302983360019,0.8120008633824298,1.0,1.0,0.0,1.0,0.0
759,209.68847182809608,32.030229424022686,0.4879287032146162,1.0,0.0,1.0,1.0,0.0
760,15.941278848310958,2.499927347642586,0.6271398729292271,1.0,0.0,0.0,1.0,0.0
761,17.89851040131676,3.5929824061617968,0.3104969433647335,1.0,0.0,0.0,0.0,0.0
762,14.669871022928364,18.228986237446794,0.1995998460878349,1.0,1.0,0.0,1.0,0.0
763,54.53553421589406,1.0627690441178956,0.5811882375276912,1.0,0.0,0.0,1.0,0.0
764,149.31837246124508,7.5873020881571,0.5775425523276789,1.0,0.0,0.0,0.0,0.0
765,13.308491477044022,0.1903419675155095,0.2732675047090814,1.0,0.0,0.0,1.0,0.0
766,8.992782983141693,0.2190281728882304,0.6758200466112906,1.0,0.0,1.0,1.0,0.0
767,7.013663006001356,1.8968310791892928,0.7489370824655635,1.0,0.0,0.0,0.0,0.0
768,3.714588008715449,14.673665165325817,0.9122198586926246,1.0,0.0,0.0,1.0,0.0
769,14.641732865935456,0.008814190799857,0.8517065208638204,1.0,0.0,0.0,1.0,0.0
770,1.0480714345822446,4.015469377449819,2.443841001273061,0.0,0.0,0.0,1.0,0.0
771,309.60913263417365,1.3686082827361428,1.232846371955268,1.0,1.0,0.0,1.0,0.0
772,9.404444304578684,0.8907656787915501,0.7079183873786293,1.0,0.0,0.0,1.0,0.0
773,22.466415659197057,7.999106733644804,0.8357315377701363,1.0,0.0,0.0,1.0,0.0
774,68.67951872483992,0.2494364701179025,0.6968798918678925,1.0,1.0,0.0,1.0,0.0
775,128.74166820732296,0.3193393144306528,3.102303692573146,1.0,0.0,0.0,1.0,1.0
776,16.684262010122183,0.3848084567733252,0.8390890050727623,1.0,0.0,0.0,0.0,0.0
777,1.449032932959075,0.8757344120933576,0.3815503615164603,0.0,0.0,0.0,1.0,0.0
778,8.469791633718806,1.5059451702619302,2.004555547967152,1.0,1.0,0.0,1.0,0.0
779,20.73273306016614,8.326891761160265,2.557807483577062,1.0,0.0,0.0,0.0,0.0
780,41.32312487383504,0.7752237874120258,1.0491543901319818,1.0,0.0,0.0,1.0,0.0
781,41.25977446758646,0.2494063115347235,2.635692749430574,1.0,0.0,0.0,1.0,0.0
782,0.7011003632677486,0.5404866775183927,1.7545675454151102,0.0,0.0,0.0,1.0,0.0
783,218.11666703081715,2.1765028822634673,0.4489656723894866,1.0,0.0,0.0,1.0,1.0
784,26.69822577075038,2.7387018198761814,1.0780551905201967,1.0,1.0,0.0,0.0,0.0
785,18.393163558769068,13.726254121481334,0.8515256889188206,1.0,0.0,0.0,1.0,0.0
786,2.6196002700540917,9.858301274656462,0.0956458205541677,1.0,0.0,1.0,1.0,0.0
787,11.722724995509695,0.0590752737173041,1.1313273766936505,1.0,1.0,1.0,0.0,0.0
788,0.1041841185082415,0.1278829552298196,2.68794557779703,0.0,0.0,0.0,0.0,0.0
789,20.934568114004175,1.119201707377948,0.5760598755493578,1.0,0.0,1.0,1.0,0.0
790,16.022907453928035,1.578293232965854,0.5262351380915571,1.0,0.0,0.0,0.0,0.0
791,0.7280043894336312,26.04781073543782,2.890636538322126,0.0,0.0,0.0,0.0,0.0
792,3.7974528525871256,1.8829252584493732,1.4306856751169372,1.0,0.0,0.0,1.0,0.0
793,676.7023484603632,1.209733066209281,6.948586473659995,1.0,0.0,0.0,1.0,1.0
794,7.873742998172792,1.6085928179409277,0.795777504456727,1.0,1.0,0.0,1.0,0.0
795,7.200425133458853,1.901058263750279,0.6387696452270759,1.0,1.0,0.0,1.0,0.0
796,8.446889760191777,0.5385153589829238,0.442398975540171,1.0,0.0,0.0,1.0,0.0
797,10.6737411092024,417.45386835341543,0.4751148039922768,1.0,0.0,0.0,1.0,1.0
798,14.504726772081614,1.8627904107406383,0.3349473497685772,1.0,1.0,0.0,0.0,0.0
799,1.0691428090280422,0.1243918781667339,0.7872258532497054,0.0,1.0,0.0,1.0,0.0
800,4.747728018509355,2.761097825662788,0.507531848514552,1.0,0.0,0.0,0.0,0.0
801,25.155622861640225,0.951407346267328,0.7649816521752185,1.0,0.0,1.0,1.0,0.0
802,17.2058311592028,0.058143802087615,1.8277880523021384,1.0,0.0,0.0,0.0,0.0
803,16.66550813355429,1.0265919312923233,1.2524848894446308,1.0,0.0,1.0,1.0,0.0
804,9.285511998958734,11.09229372028242,3.647589851993179,1.0,0.0,0.0,1.0,0.0
805,21.023685722575703,0.1366326368230333,5.00947223076233,1.0,0.0,0.0,1.0,1.0
806,172.4326963662496,2.1481578753402073,1.3166902098372046,1.0,0.0,0.0,1.0,1.0
807,0.3882007224245405,0.2438082207991715,2.2981969475438984,0.0,1.0,0.0,1.0,0.0
808,73.94416129898893,7.896486800318237,1.8705570055251737,1.0,1.0,0.0,1.0,0.0
809,5.302561929549345,1.5033115098883416,2.390473280823651,1.0,1.0,0.0,1.0,0.0
810,28.918641997296035,16.968376222427697,3.0673011948561637,1.0,1.0,0.0,1.0,0.0
811,5.047436680482816,1.6490662005384744,1.682743695033791,1.0,1.0,0.0,0.0,0.0
812,6.096703642039468,1.3127381633868929,0.4722587230599063,1.0,0.0,0.0,0.0,0.0
813,1.577235523686642,0.0085536922783797,0.3454789673876594,0.0,0.0,0.0,0.0,0.0
814,0.8382901639635745,0.9537926741266548,2.6608636447052327,0.0,1.0,0.0,1.0,0.0
815,2.0936954636586793,0.0108913293208156,0.2337934749857265,1.0,0.0,1.0,1.0,0.0
816,5.0700774813669875,3.4854670196589383,0.7582085386771089,1.0,1.0,0.0,0.0,0.0
817,0.6336328449107479,1.4065184197136122,4.086039124625112,0.0,0.0,0.0,1.0,1.0
818,65.12984358638592,1.5347654892872278,5.303931857219359,1.0,0.0,0.0,1.0,1.0
819,4.666124577970814,0.1825697702016009,1.1034067029673456,1.0,0.0,0.0,0.0,0.0
820,27.172783474232254,9.34547004826732,0.2397750807995813,1.0,0.0,1.0,1.0,0.0
821,3.172427559020235,0.0228791445603952,0.2928004970858777,1.0,1.0,0.0,1.0,0.0
822,4.376988788801347,11.190019297536336,1.080980476135607,1.0,1.0,0.0,0.0,0.0
823,11.37673149489184,1.6952863395903135,0.8344791906011622,1.0,0.0,1.0,1.0,0.0
824,11.63652089744708,2.7244230561499863,1.0834683866289332,1.0,0.0,0.0,1.0,0.0
825,8.022584253448722,0.615953023465098,0.2661111178964876,1.0,0.0,0.0,1.0,0.0
826,44.60290518791989,7.464425756010641,0.6938785206091402,1.0,1.0,0.0,1.0,0.0
827,77.99398902769424,0.5116662733007141,8.526143591523555,1.0,0.0,0.0,0.0,0.0
828,26.797022314592784,3.054649177333282,0.4944112582170031,1.0,0.0,0.0,1.0,0.0
829,63.28594323172748,1.0815131541748195,1.1670438777963932,1.0,1.0,0.0,1.0,0.0
830,36.26324269797298,3.7218304006820575,0.943007541518422,1.0,0.0,0.0,1.0,0.0
831,5.841354689564881,9.729249530554528,0.4357626933961152,1.0,0.0,1.0,0.0,0.0
832,2.6878570627003566,0.0937155925984941,0.6100921485235983,1.0,0.0,0.0,0.0,0.0
833,62.89138401774839,0.2666382942003633,0.6321337336273852,1.0,0.0,1.0,1.0,0.0
834,5.052392695268146,2.772466852817809,1.9300493746785712,1.0,1.0,0.0,0.0,0.0
835,11.346913791848491,1.0647527377736443,0.1735291181824699,1.0,0.0,0.0,1.0,0.0
836,99.41247645981304,16.445922312716398,12.30557884296351,1.0,0.0,0.0,1.0,1.0
837,15.93743651261092,0.0301920883483443,0.2387855256265217,1.0,1.0,0.0,1.0,0.0
838,0.1641078560873222,14.731477652584893,3.187353445900722,0.0,0.0,1.0,1.0,0.0
839,18.619200721291453,1.0000188178639469,1.011383708317376,1.0,0.0,0.0,1.0,0.0
840,23.82421919644709,9.457365308420158,2.184339513741446,1.0,0.0,0.0,0.0,0.0
841,0.6962346921704964,0.5270079138444133,1.0736162599281935,0.0,0.0,0.0,1.0,0.0
842,15.600290266315769,3.741209544791061,0.5487726057643836,1.0,0.0,0.0,1.0,0.0
843,3.9580196581479816,0.5934191857099178,0.4199359845493934,1.0,0.0,0.0,0.0,0.0
844,2.555054467060885,2.554348010276321,0.1010253899262413,1.0,0.0,0.0,1.0,0.0
845,0.536950887544807,9.573640264876245,0.1850392088994382,0.0,0.0,0.0,1.0,0.0
846,29.76830408076599,0.4185824833134791,0.3084314404419652,1.0,0.0,1.0,1.0,0.0
847,18.808269870664052,2.4576480394321765,0.7863334909277969,1.0,0.0,0.0,1.0,0.0
848,5.892948771313154,0.0749366901215768,0.439558000096417,1.0,0.0,0.0,0.0,0.0
849,1.2801315763829937,1.286043177256648,0.341384991523513,0.0,0.0,0.0,0.0,0.0
850,0.5992556304448313,2.0443609467827355,2.5560475624133296,0.0,1.0,0.0,1.0,0.0
851,2.0444216445382164,7.385525348392561,2.4583844255201095,1.0,0.0,1.0,0.0,0.0
852,1.4098584412283452,6.395013426990225,0.7351839306759532,0.0,0.0,0.0,0.0,0.0
853,47.92025887309461,0.0672949624058698,1.6251298540651615,1.0,0.0,0.0,1.0,0.0
854,4.407229836813982,0.4480475434949894,1.1880022939946973,1.0,1.0,0.0,1.0,0.0
855,17.191582730151882,5.882717583216806,2.461085981686814,1.0,1.0,0.0,1.0,0.0
856,10.602152671371396,0.3020303821473371,2.6015266019268917,1.0,1.0,0.0,1.0,0.0
857,6.51512135279171,2.003781449129202,0.6760769725851725,1.0,1.0,0.0,0.0,0.0
858,4.192093201520344,1.4500345592034394,0.5420634023485563,1.0,0.0,0.0,1.0,0.0
859,63.755196822846415,0.5918194408364573,0.3200264717848202,1.0,0.0,0.0,0.0,0.0
860,99.49171804676202,1.2937888658152217,2.2360883778617726,1.0,0.0,0.0,0.0,0.0
861,0.928228863861449,0.3064628916069801,0.1670583015367031,0.0,1.0,0.0,1.0,0.0
862,1.1539424048715063,2.497808082807121,0.7179367348104292,0.0,1.0,1.0,0.0,0.0
863,0.6414337949623339,37.52481162188227,0.3481579972198758,0.0,0.0,0.0,1.0,0.0
864,68.39328152311758,2.0663484617134804,0.3499016869479263,1.0,0.0,0.0,1.0,0.0
865,6.656105657901368,4.743911096230858,4.165662652722448,1.0,0.0,0.0,1.0,1.0
866,24.477277719507203,0.1132560535592666,1.6647047246405826,1.0,1.0,1.0,1.0,0.0
867,11.147865293265136,11.915856622808654,1.1276264697513376,1.0,0.0,0.0,1.0,0.0
868,9.25834355974356,0.6336090077750093,0.0667441149578474,1.0,1.0,0.0,1.0,0.0
869,3.8995056518577935,0.5123400089223543,1.541854478546172,1.0,1.0,0.0,0.0,0.0
870,2.671290126884176,0.0341245015886942,0.0795703012274655,1.0,1.0,0.0,1.0,0.0
871,3.846600405485383,0.4285141530634209,1.574253398853271,1.0,0.0,0.0,0.0,0.0
872,3.7049136162849674,0.6394852010982747,0.1618050793469562,1.0,0.0,0.0,1.0,0.0
873,36.24136952906499,0.8670463284779819,2.586101526160338,1.0,0.0,0.0,1.0,0.0
874,10.816178022128272,23.94871225588082,4.0806574312638375,1.0,0.0,0.0,1.0,1.0
875,2.49735310940462,1.3199301154990917,1.0657784750965142,1.0,0.0,0.0,1.0,0.0
876,30.857939967693323,0.3685366200156727,1.3371892935547984,1.0,0.0,0.0,0.0,0.0
877,1.961483172669799,0.2067451991615135,0.6019161496732397,1.0,0.0,1.0,1.0,0.0
878,1.151782014430123,0.5549973943106473,1.672526513540677,0.0,0.0,1.0,1.0,0.0
879,94.378842296619,0.047522054496015,0.4864955522448265,1.0,0.0,0.0,1.0,0.0
880,36.0294541545472,0.8925137382251914,0.7175414054814021,1.0,0.0,0.0,1.0,0.0
881,46.236981943184944,0.5663337868688216,1.062616301042971,1.0,0.0,1.0,0.0,0.0
882,0.7399945943471593,0.1676397984917801,0.5091802771594595,0.0,1.0,0.0,0.0,0.0
883,5.315580886338529,4.700764829044786,3.9120712162865456,1.0,0.0,0.0,1.0,0.0
884,6.3825507551267755,20.12102031567534,0.917183859502043,1.0,0.0,0.0,1.0,0.0
885,5.6421011181163765,2.926381710290028,2.3511299700531154,1.0,1.0,0.0,1.0,0.0
886,55.25519149456002,0.1743623677446863,3.164244831864572,1.0,0.0,0.0,0.0,0.0
887,7.970163736588263,0.30412590181162,0.6063862500146427,1.0,0.0,0.0,1.0,0.0
888,40.92836952140223,0.7055060411661224,3.678887595800768,1.0,0.0,0.0,0.0,0.0
889,2.391079033048303,0.2875671115542894,5.376139617627079,1.0,0.0,0.0,0.0,0.0
890,0.3261453631515039,4.736041079104603,0.4727367669380953,0.0,0.0,0.0,1.0,0.0
891,52.10873742123542,0.2992088854362151,0.7044240574425324,1.0,1.0,0.0,1.0,0.0
892,11.27799381609985,4.688317303542131,0.4493761809377184,1.0,0.0,0.0,1.0,0.0
893,84.35150566765115,0.9495515395309156,10.007498872823238,1.0,0.0,0.0,0.0,0.0
894,3.409953179450823,0.1917342568050589,0.7508062006995723,1.0,1.0,0.0,1.0,0.0
895,1.48500997034924,4.02668210847705,1.5201027034790102,0.0,1.0,0.0,0.0,0.0
896,0.6692056459192377,0.812729341947061,6.944422335180343,0.0,0.0,0.0,1.0,1.0
897,22.404699523035536,0.3886350768265182,2.12467464865245,1.0,0.0,0.0,1.0,0.0
898,18.36574072816496,0.4808342090353631,1.6004417078405613,1.0,0.0,0.0,0.0,0.0
899,215.1347105917842,9.570486989122996,0.2076956733060995,1.0,0.0,0.0,1.0,1.0
900,30.087039154957676,0.0298680370454913,0.207094321238904,1.0,1.0,0.0,1.0,0.0
901,25.825178914877217,0.2056249835481418,0.1770701559108278,1.0,0.0,0.0,0.0,0.0
902,10.961015498707248,1.7029649711271788,0.2823129196346551,1.0,0.0,1.0,0.0,0.0
903,5.014897167094334,8.821599698559139,2.662056190283741,1.0,1.0,0.0,1.0,0.0
904,30.59289095276758,0.3545427948657945,1.3271842486433003,1.0,1.0,0.0,0.0,0.0
905,11.67482383671165,0.1725856700470892,1.200433500577818,1.0,0.0,0.0,1.0,0.0
906,38.94706432031752,4.647807192353266,0.2321560720632405,1.0,0.0,0.0,0.0,0.0
907,8.282812257279186,2.1891251819930777,0.0476383316294739,1.0,0.0,0.0,1.0,0.0
908,1.4882633273182615,3.6045592946909184,3.029084435598825,0.0,1.0,0.0,0.0,0.0
909,4.958675915322509,0.6803437647346907,1.944687175600596,1.0,1.0,1.0,1.0,0.0
910,3.2485112768517608,0.5585318446965236,3.162919771170608,1.0,0.0,0.0,1.0,0.0
911,39.966672474422346,37.94634833983714,0.4913604168870271,1.0,0.0,0.0,1.0,0.0
912,24.511397292979375,4.04813566739569,0.2831961626235633,1.0,0.0,0.0,1.0,0.0
913,3.2636011333114725,4.152682884359377,1.7128021346895492,1.0,1.0,0.0,1.0,0.0
914,2.1758900539196953,10.647950092062413,0.3753249075442471,1.0,0.0,0.0,0.0,0.0
915,20.92816301847555,1.818794328230238,4.185537294679343,1.0,1.0,1.0,1.0,0.0
916,21.045069911635792,0.0448675394920417,2.102062070419015,1.0,1.0,0.0,1.0,0.0
917,5.60866626038756,2.282940793707659,0.2300881732149007,1.0,0.0,0.0,1.0,0.0
918,22.722131866897136,2.6255507021380704,0.6177917198007128,1.0,1.0,0.0,1.0,0.0
919,54.90282827465093,0.4092749972569659,1.6567837240996972,1.0,0.0,0.0,1.0,0.0
920,12.710517483006395,2.1317962791014895,1.684896744271079,1.0,1.0,0.0,0.0,0.0
921,7.122147751780574,0.1754457376275684,3.4778431676072787,1.0,0.0,0.0,1.0,0.0
922,18.28958909660185,54.64244816308725,0.7775541443829294,1.0,0.0,0.0,1.0,1.0
923,3.033406873671016,0.0203612593477573,0.6282467757361411,1.0,1.0,0.0,1.0,0.0
924,1.063136261212637,0.6540353687817005,0.4274384436214702,0.0,0.0,1.0,1.0,0.0
925,0.62184334558737,0.1947114002120636,0.3392469118728215,0.0,0.0,0.0,1.0,0.0
926,0.4572579714928922,2.081562245051193,0.7785870926110147,0.0,0.0,0.0,0.0,0.0
927,16.258186868025003,2.482339610957184,1.3076684449429463,1.0,1.0,0.0,1.0,0.0
928,8.476141696544342,2.0258393015753184,2.309070525700852,1.0,1.0,0.0,1.0,0.0
929,6.277127387430612,0.0600663802687028,0.5562524792290078,1.0,0.0,0.0,1.0,0.0
930,128.65591898848524,0.4684772882244699,1.829497048603801,1.0,1.0,0.0,1.0,0.0
931,20.47232530461948,4.003913145548189,1.7085088312191783,1.0,0.0,1.0,0.0,0.0
932,74.60622497761375,0.771613023496726,1.0792599488857886,1.0,1.0,0.0,1.0,0.0
933,8.601551935869038,24.159462682315063,5.687015470926446,1.0,1.0,0.0,1.0,1.0
934,0.7718442870332427,0.1080328581347388,0.5849852937165398,0.0,0.0,0.0,1.0,0.0
935,17.189217084925072,0.0276328139267635,0.7432721796159136,1.0,1.0,0.0,1.0,0.0
936,3.662822851172096,19.687156776425937,0.7942814656593706,1.0,0.0,0.0,1.0,0.0
937,1.484453617028092,1.0963081706627955,1.5634942587642708,0.0,0.0,0.0,0.0,0.0
938,13.099566260228547,2.4425228521023477,0.1264919091445271,1.0,1.0,1.0,1.0,0.0
939,0.9756734657052272,3.233244815664401,1.2850918024469655,0.0,1.0,0.0,0.0,0.0
940,12.46155664473119,0.9914245095026348,0.7637630607222295,1.0,1.0,0.0,0.0,0.0
941,14.288288386501211,1.0858584082103822,2.8347090679397224,1.0,0.0,1.0,1.0,0.0
942,20.463375979364915,0.796005327584865,0.9759411112906706,1.0,0.0,0.0,1.0,0.0
943,7.846310666078,1.174792970789228,1.374469860981716,1.0,0.0,0.0,1.0,0.0
944,23.0011021752616,16.11610258713614,0.1554374444972705,1.0,0.0,0.0,1.0,0.0
945,4.240015148630005,0.0656820144191959,1.087172171961938,1.0,1.0,0.0,1.0,0.0
946,3.1530673325768612,0.4781805977163171,10.787753776633954,1.0,1.0,0.0,0.0,0.0
947,5.804103806713764,0.2305125230856256,0.5858573837757557,1.0,1.0,0.0,1.0,0.0
948,58.689897047508765,8.936947544120814,1.0445117267647483,1.0,0.0,0.0,0.0,0.0
949,25.055282642778767,2.74530790190053,0.6539418045726327,1.0,1.0,0.0,1.0,0.0
950,2.7261611523194595,0.8275940926747827,0.7926720558754295,1.0,1.0,0.0,0.0,0.0
951,5.741821278052272,16.346024605030685,0.0259794947695691,1.0,1.0,0.0,0.0,0.0
952,4.023066188513945,0.2814680815890055,0.2442434608914925,1.0,0.0,1.0,1.0,0.0
953,4.970758385400704,4.350399662495234,0.8960471714781902,1.0,0.0,0.0,1.0,0.0
954,39.904166687902546,0.3674480731213982,0.2608327682728781,1.0,1.0,0.0,1.0,0.0
955,3.835155222283998,0.0295505651594047,0.5751551921771418,1.0,0.0,0.0,1.0,0.0
956,3.7816090095162367,0.354382207043243,1.033269337462951,1.0,1.0,0.0,1.0,0.0
957,2.0263384548537147,42.30353673995645,0.4239066139489463,1.0,1.0,0.0,1.0,0.0
958,2.9471017223619382,0.0935865207736146,0.8031591974283633,1.0,0.0,0.0,1.0,0.0
959,36.63946915728879,2.0103139607451626,0.6842558355282817,1.0,0.0,1.0,0.0,0.0
960,8.112279328826741,7.339104060630846,1.7806106389835148,1.0,0.0,0.0,1.0,0.0
961,9.434265879511884,0.4061964234499845,1.0527439746927691,1.0,1.0,0.0,1.0,0.0
962,0.7191139704249149,0.1030234761350104,0.5793965440340856,0.0,1.0,0.0,1.0,0.0
963,7.293760529440253,0.2462139139396946,0.8785897144222623,1.0,1.0,0.0,1.0,0.0
964,2.460523555050523,15.091380089726192,0.101245394570214,1.0,0.0,0.0,1.0,0.0
965,27.918977941051164,0.3653138759077541,0.2033640609233601,1.0,1.0,0.0,0.0,0.0
966,27.37846969705615,0.0654771633258367,0.391267716926616,1.0,0.0,0.0,0.0,0.0
967,37.30181278952065,21.854985177230347,2.074789984374634,1.0,1.0,0.0,1.0,0.0
968,8.320631455979216,7.490617051981866,4.3120784509924475,1.0,0.0,0.0,0.0,0.0
969,25.576353529466115,0.0695959229629632,0.8804446847798094,1.0,0.0,0.0,0.0,0.0
970,31.715544766720264,0.0440188711224643,0.5225452538735483,1.0,1.0,0.0,1.0,0.0
971,12.794948989362442,0.3235152582035579,1.1949974570046806,1.0,0.0,0.0,0.0,0.0
972,3.0484261158088723,5.210106975640177,7.56345491525503,1.0,0.0,0.0,0.0,0.0
973,16.091658268573894,0.1893204967493373,1.2522342619281803,1.0,1.0,0.0,1.0,0.0
974,8.260910161220874,2.07686088878424,1.5638356219303178,1.0,0.0,0.0,1.0,0.0
975,17.696984466150013,0.4474821225506471,1.4725539441489242,1.0,0.0,0.0,0.0,0.0
976,11.327403623007308,10.547542010200742,1.0869498870516618,1.0,0.0,0.0,1.0,0.0
977,65.319272993558,0.3990929340453826,2.4100631666444836,1.0,1.0,1.0,0.0,0.0
978,36.427477861553015,0.3077723185436096,0.7471283281750241,1.0,1.0,0.0,0.0,0.0
979,3.0476295665097823,0.2580165486818691,1.6387479648393326,1.0,0.0,1.0,0.0,0.0
980,2.3540072636302263,0.5080279271014242,0.706815930060201,1.0,0.0,0.0,1.0,0.0
981,79.99850564268952,1.197998740939526,0.3025111391827109,1.0,0.0,0.0,1.0,0.0
982,62.97882625308447,0.0201195238430049,0.917197189472921,1.0,0.0,0.0,1.0,0.0
983,3.123330323393465,2.1212357421725416,0.4498736967975137,1.0,1.0,0.0,1.0,0.0
984,24.987397982299633,0.8836932186184927,0.1672537950501427,1.0,0.0,0.0,1.0,0.0
985,3.1978054494009767,21.532689853372272,0.3141338881230395,1.0,0.0,0.0,1.0,0.0
986,3.4478088975354004,1.44291955125773,0.4758098250387759,1.0,0.0,0.0,1.0,0.0
987,8.475885436387745,1.2397204900880714,4.131872759483326,1.0,1.0,0.0,0.0,0.0
988,19.009989566486713,0.7823352541633268,1.1290280788113425,1.0,1.0,0.0,1.0,0.0
989,1.2640259880761686,0.2282699600340726,0.6598360492471086,0.0,1.0,1.0,0.0,0.0
990,34.01010265449491,0.3057625022336934,0.1389844619646096,1.0,0.0,0.0,0.0,0.0
991,12.410916322659784,0.2997277407312798,4.4748758769816765,1.0,1.0,1.0,0.0,0.0
992,0.8292179359051131,3.891924309830368,4.950195342598398,0.0,0.0,0.0,1.0,1.0
993,47.644985363722185,5.129795328602002,0.583092444178894,1.0,0.0,0.0,1.0,0.0
994,3.0053000546146005,1.3268469564681884,2.583334724837951,1.0,0.0,0.0,1.0,0.0
995,9.873417393071918,1.022586098933107,0.3466433144475607,1.0,0.0,0.0,0.0,0.0
996,168.09170352223583,6.3043602907428005,0.4168327673787352,1.0,1.0,0.0,0.0,0.0
997,44.04762232197016,0.5102980557434498,0.6247060777987246,1.0,0.0,0.0,1.0,0.0
998,2.9984178888636626,0.193680536611904,0.7434158207700031,1.0,1.0,0.0,1.0,0.0
999,38.13344878692308,0.167059052760531,3.9656367162860007,1.0,0.0,0.0,1.0,0.0
